[
      {
        "IsOrphan": "N",
        "SNO": "1",
        "BUSINESS_UNIT": "STKRM",
        "CART_ID": "PLHEMSTK",
        "DESCR": "Hematology Stock Cart",
        "USERS": " support  ser111(SUPPORT)",
        "CART_COUNT_ORDER": "99",
        "SHADOW_FLAG": { "-xml:space": "preserve" },
        "ALL": "true",
        "MON": "true",
        "TUE": "true",
        "WED": "true",
        "THU": "true",
        "FRI": "true",
        "SAT": "true",
        "SUN": "true",
        "CHK_ALLOCATED": "true"
      },
      {
        "IsOrphan": "N",
        "SNO": "2",
        "BUSINESS_UNIT": "STKRM",
        "CART_ID": "PLICU",
        "DESCR": "ICU PAR LEVEL",
        "USERS": " support  ser111(SUPPORT)",
        "CART_COUNT_ORDER": "99",
        "SHADOW_FLAG": { "-xml:space": "preserve" },
        "ALL": "true",
        "MON": "true",
        "TUE": "true",
        "WED": "true",
        "THU": "true",
        "FRI": "true",
        "SAT": "true",
        "SUN": "true",
        "CHK_ALLOCATED": "true"
      },
      {
        "IsOrphan": "N",
        "SNO": "3",
        "BUSINESS_UNIT": "STKRM",
        "CART_ID": "PLICUSTK",
        "DESCR": "ICU Stock Par Level",
        "ALL": "false",
        "MON": "false",
        "TUE": "false",
        "WED": "false",
        "THU": "false",
        "FRI": "false",
        "SAT": "false",
        "SUN": "false",
        "CHK_ALLOCATED": "false"
      },
      {
        "IsOrphan": "N",
        "SNO": "4",
        "BUSINESS_UNIT": "STKRM",
        "CART_ID": "PLICUSTK2",
        "DESCR": "ICU Stock Cart 2",
        "ALL": "false",
        "MON": "false",
        "TUE": "false",
        "WED": "false",
        "THU": "false",
        "FRI": "false",
        "SAT": "false",
        "SUN": "false",
        "CHK_ALLOCATED": "false"
      },
      {
        "IsOrphan": "N",
        "SNO": "5",
        "BUSINESS_UNIT": "STKRM",
        "CART_ID": "PLICUSTK3",
        "DESCR": "ICU Stock Cart 3",
        "ALL": "false",
        "MON": "false",
        "TUE": "false",
        "WED": "false",
        "THU": "false",
        "FRI": "false",
        "SAT": "false",
        "SUN": "false",
        "CHK_ALLOCATED": "false"
      },
      {
        "IsOrphan": "N",
        "SNO": "6",
        "BUSINESS_UNIT": "STKRM",
        "CART_ID": "PLOBGYN",
        "DESCR": "OBGYN Par Level",
        "ALL": "false",
        "MON": "false",
        "TUE": "false",
        "WED": "false",
        "THU": "false",
        "FRI": "false",
        "SAT": "false",
        "SUN": "false",
        "CHK_ALLOCATED": "false"
      },
      {
        "IsOrphan": "N",
        "SNO": "7",
        "BUSINESS_UNIT": "STKRM",
        "CART_ID": "PLOBGYN2",
        "DESCR": "OBGYN Stock Cart 2",
        "ALL": "false",
        "MON": "false",
        "TUE": "false",
        "WED": "false",
        "THU": "false",
        "FRI": "false",
        "SAT": "false",
        "SUN": "false",
        "CHK_ALLOCATED": "false"
      },
      {
        "IsOrphan": "N",
        "SNO": "8",
        "BUSINESS_UNIT": "STKRM",
        "CART_ID": "PLOBGYN3",
        "DESCR": "OBGYN Stock Cart 3",
        "ALL": "false",
        "MON": "false",
        "TUE": "false",
        "WED": "false",
        "THU": "false",
        "FRI": "false",
        "SAT": "false",
        "SUN": "false",
        "CHK_ALLOCATED": "false"
      },
      {
        "IsOrphan": "N",
        "SNO": "9",
        "BUSINESS_UNIT": "STKRM",
        "CART_ID": "PLOR1",
        "DESCR": "OR Stock Cart 1",
        "ALL": "false",
        "MON": "false",
        "TUE": "false",
        "WED": "false",
        "THU": "false",
        "FRI": "false",
        "SAT": "false",
        "SUN": "false",
        "CHK_ALLOCATED": "false"
      },
      {
        "IsOrphan": "N",
        "SNO": "10",
        "BUSINESS_UNIT": "STKRM",
        "CART_ID": "PLOR2",
        "DESCR": "OR Stock Cart 2",
        "ALL": "false",
        "MON": "false",
        "TUE": "false",
        "WED": "false",
        "THU": "false",
        "FRI": "false",
        "SAT": "false",
        "SUN": "false",
        "CHK_ALLOCATED": "false"
      },
      {
        "IsOrphan": "N",
        "SNO": "11",
        "BUSINESS_UNIT": "STKRM",
        "CART_ID": "PLORTHO",
        "DESCR": "ORTHOPEDICS CART",
        "ALL": "false",
        "MON": "false",
        "TUE": "false",
        "WED": "false",
        "THU": "false",
        "FRI": "false",
        "SAT": "false",
        "SUN": "false",
        "CHK_ALLOCATED": "false"
      },
      {
        "IsOrphan": "N",
        "SNO": "12",
        "BUSINESS_UNIT": "STKRM",
        "CART_ID": "PLORTHO2",
        "DESCR": "ORTHOPEDICS CART",
        "ALL": "false",
        "MON": "false",
        "TUE": "false",
        "WED": "false",
        "THU": "false",
        "FRI": "false",
        "SAT": "false",
        "SUN": "false",
        "CHK_ALLOCATED": "false"
      },
      {
        "IsOrphan": "N",
        "SNO": "13",
        "BUSINESS_UNIT": "STKRM",
        "CART_ID": "PlDERM",
        "DESCR": "Dermatology Stock Cart",
        "ALL": "false",
        "MON": "false",
        "TUE": "false",
        "WED": "false",
        "THU": "false",
        "FRI": "false",
        "SAT": "false",
        "SUN": "false",
        "CHK_ALLOCATED": "false"
      },
      {
        "IsOrphan": "N",
        "SNO": "14",
        "BUSINESS_UNIT": "US012",
        "CART_ID": "RES-1",
        "DESCR": "Intensive Care Unit - East",
        "ALL": "false",
        "MON": "false",
        "TUE": "false",
        "WED": "false",
        "THU": "false",
        "FRI": "false",
        "SAT": "false",
        "SUN": "false",
        "CHK_ALLOCATED": "false"
      },
      {
        "IsOrphan": "N",
        "SNO": "15",
        "BUSINESS_UNIT": "US012",
        "CART_ID": "RES-2",
        "DESCR": "Intensive Care Unit - East",
        "ALL": "false",
        "MON": "false",
        "TUE": "false",
        "WED": "false",
        "THU": "false",
        "FRI": "false",
        "SAT": "false",
        "SUN": "false",
        "CHK_ALLOCATED": "false"
      },
      {
        "IsOrphan": "N",
        "SNO": "16",
        "BUSINESS_UNIT": "US012",
        "CART_ID": "RES-3",
        "DESCR": "Intensive Care Unit - East",
        "ALL": "false",
        "MON": "false",
        "TUE": "false",
        "WED": "false",
        "THU": "false",
        "FRI": "false",
        "SAT": "false",
        "SUN": "false",
        "CHK_ALLOCATED": "false"
      },
      {
        "IsOrphan": "N",
        "SNO": "17",
        "BUSINESS_UNIT": "US012",
        "CART_ID": "RES-4",
        "DESCR": "Intensive Care Unit - East",
        "ALL": "false",
        "MON": "false",
        "TUE": "false",
        "WED": "false",
        "THU": "false",
        "FRI": "false",
        "SAT": "false",
        "SUN": "false",
        "CHK_ALLOCATED": "false"
      },
      {
        "IsOrphan": "N",
        "SNO": "18",
        "BUSINESS_UNIT": "US015",
        "CART_ID": "COR-1",
        "DESCR": "Coronary Care",
        "ALL": "false",
        "MON": "false",
        "TUE": "false",
        "WED": "false",
        "THU": "false",
        "FRI": "false",
        "SAT": "false",
        "SUN": "false",
        "CHK_ALLOCATED": "false"
      },
      {
        "IsOrphan": "N",
        "SNO": "19",
        "BUSINESS_UNIT": "US015",
        "CART_ID": "DEL-1",
        "DESCR": "Labor/Delivery",
        "ALL": "false",
        "MON": "false",
        "TUE": "false",
        "WED": "false",
        "THU": "false",
        "FRI": "false",
        "SAT": "false",
        "SUN": "false",
        "CHK_ALLOCATED": "false"
      },
      {
        "IsOrphan": "N",
        "SNO": "20",
        "BUSINESS_UNIT": "US015",
        "CART_ID": "ICU-1",
        "DESCR": "Intensive Care Unit - East",
        "ALL": "false",
        "MON": "false",
        "TUE": "false",
        "WED": "false",
        "THU": "false",
        "FRI": "false",
        "SAT": "false",
        "SUN": "false",
        "CHK_ALLOCATED": "false"
      },
      {
        "IsOrphan": "N",
        "SNO": "21",
        "BUSINESS_UNIT": "US015",
        "CART_ID": "ICU-2",
        "DESCR": "Intensive Care Unit - West",
        "ALL": "false",
        "MON": "false",
        "TUE": "false",
        "WED": "false",
        "THU": "false",
        "FRI": "false",
        "SAT": "false",
        "SUN": "false",
        "CHK_ALLOCATED": "false"
      },
      {
        "IsOrphan": "N",
        "SNO": "22",
        "BUSINESS_UNIT": "US015",
        "CART_ID": "MS-1",
        "DESCR": "Med/Surg - 1 Floor East",
        "ALL": "false",
        "MON": "false",
        "TUE": "false",
        "WED": "false",
        "THU": "false",
        "FRI": "false",
        "SAT": "false",
        "SUN": "false",
        "CHK_ALLOCATED": "false"
      },
      {
        "IsOrphan": "N",
        "SNO": "23",
        "BUSINESS_UNIT": "US015",
        "CART_ID": "MS-2",
        "DESCR": "Med/Surg - 1 Floor West",
        "ALL": "false",
        "MON": "false",
        "TUE": "false",
        "WED": "false",
        "THU": "false",
        "FRI": "false",
        "SAT": "false",
        "SUN": "false",
        "CHK_ALLOCATED": "false"
      },
      {
        "IsOrphan": "N",
        "SNO": "24",
        "BUSINESS_UNIT": "US015",
        "CART_ID": "RES-1",
        "DESCR": "ICU Stock Cart 2",
        "ALL": "false",
        "MON": "false",
        "TUE": "false",
        "WED": "false",
        "THU": "false",
        "FRI": "false",
        "SAT": "false",
        "SUN": "false",
        "CHK_ALLOCATED": "false"
      },
      {
        "IsOrphan": "N",
        "SNO": "25",
        "BUSINESS_UNIT": "WHSE",
        "CART_ID": "PL2DERM",
        "DESCR": "Dermatology Stock Cart",
        "ALL": "false",
        "MON": "false",
        "TUE": "false",
        "WED": "false",
        "THU": "false",
        "FRI": "false",
        "SAT": "false",
        "SUN": "false",
        "CHK_ALLOCATED": "false"
      },
      {
        "IsOrphan": "N",
        "SNO": "26",
        "BUSINESS_UNIT": "WHSE",
        "CART_ID": "PL2HEMATOLO",
        "DESCR": "Hematology Stock Cart",
        "ALL": "false",
        "MON": "false",
        "TUE": "false",
        "WED": "false",
        "THU": "false",
        "FRI": "false",
        "SAT": "false",
        "SUN": "false",
        "CHK_ALLOCATED": "false"
      },
      {
        "IsOrphan": "N",
        "SNO": "27",
        "BUSINESS_UNIT": "WHSE",
        "CART_ID": "PL2ICUSTK",
        "DESCR": "ICU STOCK CART",
        "ALL": "false",
        "MON": "false",
        "TUE": "false",
        "WED": "false",
        "THU": "false",
        "FRI": "false",
        "SAT": "false",
        "SUN": "false",
        "CHK_ALLOCATED": "false"
      },
      {
        "IsOrphan": "N",
        "SNO": "28",
        "BUSINESS_UNIT": "WHSE",
        "CART_ID": "PL2ICUSTK2",
        "DESCR": "ICU STOCK CART 2",
        "ALL": "false",
        "MON": "false",
        "TUE": "false",
        "WED": "false",
        "THU": "false",
        "FRI": "false",
        "SAT": "false",
        "SUN": "false",
        "CHK_ALLOCATED": "false"
      }
]
