 [
      {
        "ItemID": "0030283",
        "Compartment": { "-xml:space": "preserve" },
        "Description": "Solution,Sod CHl, 100ml",
        "Price": "1.33",
        "CountOrder": "6",
        "ParValue": "2000",
        "FOQ": "0",
        "ReplnCtrl": "01",
        "ReplnOpt": "05",
        "ItemType": "STOCKTRANSFER",
        "UOM": "BG",
        "MAX_QTY": "0",
        "ChkValue": "N",
        "DATE_1": "0.5",
        "DATE_2": "NC",
        "DATE_3": "NC",
        "DATE_4": "NC",
        "DATE_5": "NC",
        "ROWINDEX": "0",
        "COUNTQTY": "0.5"
      },
      {
        "ItemID": "0030308",
        "Compartment": { "-xml:space": "preserve" },
        "Description": "DRILL,TWIST,1.6X58MM",
        "Price": "119",
        "CountOrder": "7",
        "ParValue": "0",
        "FOQ": "0",
        "ReplnCtrl": "01",
        "ReplnOpt": "01",
        "ItemType": "STOCK",
        "UOM": "EA",
        "MAX_QTY": "0",
        "ChkValue": "N",
        "DATE_1": "0",
        "DATE_2": "NC",
        "DATE_3": "NC",
        "DATE_4": "NC",
        "DATE_5": "NC",
        "ROWINDEX": "1",
        "COUNTQTY": "0"
      },
      {
        "ItemID": "0030321",
        "Compartment": { "-xml:space": "preserve" },
        "Description": "RETRACTOR,RICHARDSON,SM,3/4IN",
        "Price": "23.13",
        "CountOrder": "8",
        "ParValue": "0",
        "FOQ": "0",
        "ReplnCtrl": "01",
        "ReplnOpt": "01",
        "ItemType": "STOCK",
        "UOM": "EA",
        "MAX_QTY": "0",
        "ChkValue": "N",
        "DATE_1": "0",
        "DATE_2": "NC",
        "DATE_3": "NC",
        "DATE_4": "NC",
        "DATE_5": "NC",
        "ROWINDEX": "2",
        "COUNTQTY": "0"
      },
      {
        "ItemID": "0030323",
        "Compartment": { "-xml:space": "preserve" },
        "Description": "RETRACTOR,RAKE,VOLKMAN,4,PR",
        "Price": "21.52",
        "CountOrder": "9",
        "ParValue": "0",
        "FOQ": "0",
        "ReplnCtrl": "01",
        "ReplnOpt": "01",
        "ItemType": "STOCK",
        "UOM": "EA",
        "MAX_QTY": "0",
        "ChkValue": "N",
        "DATE_1": "0",
        "DATE_2": "NC",
        "DATE_3": "NC",
        "DATE_4": "NC",
        "DATE_5": "NC",
        "ROWINDEX": "3",
        "COUNTQTY": "0"
      },
      {
        "ItemID": "0030329",
        "Compartment": { "-xml:space": "preserve" },
        "Description": "TUNNELER,20CMOD,3.18MM",
        "Price": "9.9",
        "CountOrder": "10",
        "ParValue": "0",
        "FOQ": "0",
        "ReplnCtrl": "01",
        "ReplnOpt": "01",
        "ItemType": "STOCK",
        "UOM": "EA",
        "MAX_QTY": "0",
        "ChkValue": "N",
        "DATE_1": "0",
        "DATE_2": "NC",
        "DATE_3": "NC",
        "DATE_4": "NC",
        "DATE_5": "NC",
        "ROWINDEX": "4",
        "COUNTQTY": "0"
      },
      {
        "ItemID": "0030340",
        "Compartment": { "-xml:space": "preserve" },
        "Description": "HEAD,FEM,CERAMIC,BIOLOX,V40",
        "Price": "941.64",
        "CountOrder": "11",
        "ParValue": "0",
        "FOQ": "0",
        "ReplnCtrl": "01",
        "ReplnOpt": "01",
        "ItemType": "STOCK",
        "UOM": "EA",
        "MAX_QTY": "0",
        "ChkValue": "N",
        "DATE_1": "0",
        "DATE_2": "NC",
        "DATE_3": "NC",
        "DATE_4": "NC",
        "DATE_5": "NC",
        "ROWINDEX": "5",
        "COUNTQTY": "0"
      },
      {
        "ItemID": "0030344",
        "Compartment": { "-xml:space": "preserve" },
        "Description": "HEAD,FEM,CERAMIC,BIOLOX,V40",
        "Price": "941.64",
        "CountOrder": "12",
        "ParValue": "0",
        "FOQ": "0",
        "ReplnCtrl": "01",
        "ReplnOpt": "01",
        "ItemType": "STOCK",
        "UOM": "EA",
        "MAX_QTY": "0",
        "ChkValue": "N",
        "DATE_1": "0",
        "DATE_2": "NC",
        "DATE_3": "NC",
        "DATE_4": "NC",
        "DATE_5": "NC",
        "ROWINDEX": "6",
        "COUNTQTY": "0"
      },
      {
        "ItemID": "0030348",
        "Compartment": { "-xml:space": "preserve" },
        "Description": "HEAD,FEM,CERAMIC,BIOLOX,V40",
        "Price": "1038.24",
        "CountOrder": "13",
        "ParValue": "0",
        "FOQ": "0",
        "ReplnCtrl": "01",
        "ReplnOpt": "01",
        "ItemType": "STOCK",
        "UOM": "EA",
        "MAX_QTY": "0",
        "ChkValue": "N",
        "DATE_1": "0",
        "DATE_2": "NC",
        "DATE_3": "NC",
        "DATE_4": "NC",
        "DATE_5": "NC",
        "ROWINDEX": "7",
        "COUNTQTY": "0"
      }
]
