[
      {
        "_x0030_": "000000000000010002",
        "_x0031_": { "-xml:space": "preserve" },
        "_x0032_": "SCREW,6.5MM CANC,THD,16X35MM",
        "_x0038_": "123",
        "_x0039_": "1",
        "_x0031_0": "0.5",
        "_x0031_1": "0",
        "_x0031_2": "N",
        "_x0031_3": "01",
        "_x0031_4": "01",
        "_x0031_5": "N",
        "_x0031_6": "Y",
        "_x0031_8": "EA",
        "_x0031_9": "0",
        "_x0032_2": "N",
        "_x0032_3": "N",
        "_x0032_5": { "-xml:space": "preserve" },
        "_x0033_2": { "-xml:space": "preserve" },
        "_x0033_4": "CLMC",
        "ChkValue": "Y",
        "ChkField": "CB10"
      },
      {
        "_x0030_": "0030243",
        "_x0031_": { "-xml:space": "preserve" },
        "_x0032_": "Glove, Nitrile, LF, Sz 8.5",
        "_x0038_": "0.16",
        "_x0039_": "2",
        "_x0031_0": "2580",
        "_x0031_1": "0",
        "_x0031_2": "N",
        "_x0031_3": "01",
        "_x0031_4": "01",
        "_x0031_5": "N",
        "_x0031_6": "Y",
        "_x0031_8": "PR",
        "_x0031_9": "0",
        "_x0032_2": "N",
        "_x0032_3": "N",
        "_x0032_5": { "-xml:space": "preserve" },
        "_x0033_2": { "-xml:space": "preserve" },
        "_x0033_4": "CCCC",
        "ChkValue": "Y",
        "ChkField": "CB20"
      },
      {
        "_x0030_": "0030245",
        "_x0031_": { "-xml:space": "preserve" },
        "_x0032_": "Glove, Nitrile, LF, Sz 9.5",
        "_x0038_": "0.16",
        "_x0039_": "4",
        "_x0031_0": "25",
        "_x0031_1": "0",
        "_x0031_2": "N",
        "_x0031_3": "01",
        "_x0031_4": "01",
        "_x0031_5": "N",
        "_x0031_6": "Y",
        "_x0031_8": "PR",
        "_x0031_9": "0",
        "_x0032_2": "N",
        "_x0032_3": "N",
        "_x0032_5": { "-xml:space": "preserve" },
        "_x0033_2": { "-xml:space": "preserve" },
        "_x0033_4": "LCCC",
        "ChkValue": "Y",
        "ChkField": "CB30"
      },
      {
        "_x0030_": "0030249",
        "_x0031_": { "-xml:space": "preserve" },
        "_x0032_": "Glove, Exam, Sz 7",
        "_x0038_": "14.17",
        "_x0039_": "7",
        "_x0031_0": "0.1",
        "_x0031_1": "0",
        "_x0031_2": "N",
        "_x0031_3": "01",
        "_x0031_4": "01",
        "_x0031_5": "N",
        "_x0031_6": "Y",
        "_x0031_8": "BOX",
        "_x0031_9": "0",
        "_x0032_2": "N",
        "_x0032_3": "N",
        "_x0032_5": { "-xml:space": "preserve" },
        "_x0033_2": { "-xml:space": "preserve" },
        "_x0033_4": "CLMC",
        "ChkValue": "Y",
        "ChkField": "CB40"
      },
      {
        "_x0030_": "0030255",
        "_x0031_": { "-xml:space": "preserve" },
        "_x0032_": "Catheter,FR,Sz4",
        "_x0038_": "3.09",
        "_x0039_": "6",
        "_x0031_0": "147",
        "_x0031_1": "0",
        "_x0031_2": "N",
        "_x0031_3": "01",
        "_x0031_4": "01",
        "_x0031_5": "N",
        "_x0031_6": "Y",
        "_x0031_8": "EA",
        "_x0031_9": "0",
        "_x0032_2": "N",
        "_x0032_3": "N",
        "_x0032_5": { "-xml:space": "preserve" },
        "_x0033_2": { "-xml:space": "preserve" },
        "_x0033_4": "C",
        "ChkValue": "Y",
        "ChkField": "CB50"
      },
      {
        "_x0030_": "0030265",
        "_x0031_": { "-xml:space": "preserve" },
        "_x0032_": "Catheter,FR,Sz14",
        "_x0038_": "16.64",
        "_x0039_": "8",
        "_x0031_0": "365000",
        "_x0031_1": "0",
        "_x0031_2": "N",
        "_x0031_3": "01",
        "_x0031_4": "01",
        "_x0031_5": "N",
        "_x0031_6": "Y",
        "_x0031_8": "EA",
        "_x0031_9": "0",
        "_x0032_2": "N",
        "_x0032_3": "N",
        "_x0032_5": "CC0030265",
        "_x0033_2": { "-xml:space": "preserve" },
        "_x0033_4": "L",
        "ChkValue": "Y",
        "ChkField": "CB60"
      },
      {
        "_x0030_": "0030272",
        "_x0031_": { "-xml:space": "preserve" },
        "_x0032_": "Catheter,FR,Sz21",
        "_x0038_": "14.43",
        "_x0039_": "5",
        "_x0031_0": "25",
        "_x0031_1": "0",
        "_x0031_2": "N",
        "_x0031_3": "01",
        "_x0031_4": "01",
        "_x0031_5": "N",
        "_x0031_6": "Y",
        "_x0031_8": "EA",
        "_x0031_9": "0",
        "_x0032_2": "N",
        "_x0032_3": "N",
        "_x0032_5": { "-xml:space": "preserve" },
        "_x0033_2": { "-xml:space": "preserve" },
        "_x0033_4": "M",
        "ChkValue": "Y",
        "ChkField": "CB70"
      },
      {
        "_x0030_": "0030277",
        "_x0031_": { "-xml:space": "preserve" },
        "_x0032_": "Needle,IV, 20G",
        "_x0038_": "7.24",
        "_x0039_": "10",
        "_x0031_0": "1.2346",
        "_x0031_1": "0",
        "_x0031_2": "N",
        "_x0031_3": "01",
        "_x0031_4": "01",
        "_x0031_5": "N",
        "_x0031_6": "Y",
        "_x0031_8": "EA",
        "_x0031_9": "0",
        "_x0032_2": "N",
        "_x0032_3": "N",
        "_x0032_5": { "-xml:space": "preserve" },
        "_x0033_2": { "-xml:space": "preserve" },
        "_x0033_4": "MCMC",
        "ChkValue": "Y",
        "ChkField": "CB80"
      },
      {
        "_x0030_": "0030279",
        "_x0031_": { "-xml:space": "preserve" },
        "_x0032_": "Needle,IV,24G",
        "_x0038_": "1.81",
        "_x0039_": "9",
        "_x0031_0": "258",
        "_x0031_1": "0",
        "_x0031_2": "N",
        "_x0031_3": "01",
        "_x0031_4": "03",
        "_x0031_5": "N",
        "_x0031_6": "Y",
        "_x0031_8": "EA",
        "_x0031_9": "0",
        "_x0032_2": "N",
        "_x0032_3": "N",
        "_x0032_5": { "-xml:space": "preserve" },
        "_x0033_2": { "-xml:space": "preserve" },
        "_x0033_4": "CCCL",
        "ChkValue": "Y",
        "ChkField": "CB90"
      }
]
