 [
      {
        "INV_ITEM_ID": "0030296",
        "DESCRIPTION": "DRILL,BIT,4.3X200MM,CANNULATED",
        "MFG_ITEM_ID": "310.634",
        "STORAGE_AREA": "WHSE",
        "STOR_LEVEL_1": "01",
        "STOR_LEVEL_2": "D",
        "STOR_LEVEL_3": "01",
        "STOR_LEVEL_4": "Z",
        "STORAGE_LOCATION": "WHSE01D01Z",
        "ITEM_PRICE": "359",
        "SYS_QTY": "199",
        "UNIT_OF_MEASURE": "EA",
        "STD_PACK_UOM": "EA",
        "CONTAINER_ID": { "-xml:space": "preserve" },
        "SERIAL_ID": "NONE",
        "INV_LOT_ID": "NONE",
        "LATEST_UPDATE_DATE": "1900-01-01T00:00:00+05:30",
        "L_S_CONTROLLED": { "-xml:space": "preserve" },
        "SERIAL_CONTROLLED": "N",
        "CONSIGNED_FLAG": "N",
        "STAGED_DATE": "1900-01-01 00:00:00",
        "COUNT_DIFF": "-9999",
        "COUNT_DIFF_PER": "-9999",
        "VALUE_DIFF": "-9999",
        "EXT_VALUE": "-9999",
        "LATEST_SYSQTY": "199",
        "COUNT0": "1,100000000002000000,,2,,N,1,0030296"
      },
      {
        "INV_ITEM_ID": "0030297",
        "DESCRIPTION": "DRILL,BIT,4.5X195MM,THREE-FLUTED",
        "MFG_ITEM_ID": "315.48",
        "STORAGE_AREA": "WHSE",
        "STOR_LEVEL_1": "01",
        "STOR_LEVEL_2": "E",
        "STOR_LEVEL_3": "01",
        "STOR_LEVEL_4": "B",
        "STORAGE_LOCATION": "WHSE01E01B",
        "ITEM_PRICE": "140",
        "SYS_QTY": "200",
        "UNIT_OF_MEASURE": "EA",
        "STD_PACK_UOM": "EA",
        "CONTAINER_ID": { "-xml:space": "preserve" },
        "SERIAL_ID": "NONE",
        "INV_LOT_ID": "NONE",
        "LATEST_UPDATE_DATE": "1900-01-01T00:00:00+05:30",
        "L_S_CONTROLLED": { "-xml:space": "preserve" },
        "SERIAL_CONTROLLED": "N",
        "CONSIGNED_FLAG": "N",
        "STAGED_DATE": "1900-01-01 00:00:00",
        "COUNT_DIFF": "-9999",
        "COUNT_DIFF_PER": "-9999",
        "VALUE_DIFF": "-9999",
        "EXT_VALUE": "-9999",
        "LATEST_SYSQTY": "200",
        "COUNT0": "1,100000000002000001,,2,,N,1,0030297"
      },
      {
        "INV_ITEM_ID": "0030303",
        "DESCRIPTION": "DRILL,TWIST,1.6X35MM",
        "MFG_ITEM_ID": "60-16035",
        "STORAGE_AREA": "WHSE",
        "STOR_LEVEL_1": "01",
        "STOR_LEVEL_2": "E",
        "STOR_LEVEL_3": "01",
        "STOR_LEVEL_4": "E",
        "STORAGE_LOCATION": "WHSE01E01E",
        "ITEM_PRICE": "128.35",
        "SYS_QTY": "200",
        "UNIT_OF_MEASURE": "EA",
        "STD_PACK_UOM": "EA",
        "CONTAINER_ID": { "-xml:space": "preserve" },
        "SERIAL_ID": "NONE",
        "INV_LOT_ID": "NONE",
        "LATEST_UPDATE_DATE": "1900-01-01T00:00:00+05:30",
        "L_S_CONTROLLED": { "-xml:space": "preserve" },
        "SERIAL_CONTROLLED": "N",
        "CONSIGNED_FLAG": "N",
        "STAGED_DATE": "1900-01-01 00:00:00",
        "COUNT_DIFF": "-9999",
        "COUNT_DIFF_PER": "-9999",
        "VALUE_DIFF": "-9999",
        "EXT_VALUE": "-9999",
        "LATEST_SYSQTY": "200",
        "COUNT0": "1,100000000002000002,,2,,N,1,0030303"
      },
      {
        "INV_ITEM_ID": "0030304",
        "DESCRIPTION": "BURR,ABRASIVE,42MM",
        "MFG_ITEM_ID": "60-80142",
        "STORAGE_AREA": "WHSE",
        "STOR_LEVEL_1": "01",
        "STOR_LEVEL_2": "D",
        "STOR_LEVEL_3": "01",
        "STOR_LEVEL_4": "N",
        "STORAGE_LOCATION": "WHSE01D01N",
        "ITEM_PRICE": "310.25",
        "SYS_QTY": "188",
        "UNIT_OF_MEASURE": "EA",
        "STD_PACK_UOM": "EA",
        "CONTAINER_ID": { "-xml:space": "preserve" },
        "SERIAL_ID": "NONE",
        "INV_LOT_ID": "NONE",
        "LATEST_UPDATE_DATE": "1900-01-01T00:00:00+05:30",
        "L_S_CONTROLLED": { "-xml:space": "preserve" },
        "SERIAL_CONTROLLED": "N",
        "CONSIGNED_FLAG": "N",
        "STAGED_DATE": "1900-01-01 00:00:00",
        "COUNT_DIFF": "-9999",
        "COUNT_DIFF_PER": "-9999",
        "VALUE_DIFF": "-9999",
        "EXT_VALUE": "-9999",
        "LATEST_SYSQTY": "188",
        "COUNT0": "1,100000000002000003,,2,,N,1,0030304"
      },
      {
        "INV_ITEM_ID": "0030312",
        "DESCRIPTION": "DRILL,BIT,4.3X280MM,QC",
        "MFG_ITEM_ID": "310.423",
        "STORAGE_AREA": "WHSE",
        "STOR_LEVEL_1": "01",
        "STOR_LEVEL_2": "E",
        "STOR_LEVEL_3": "01",
        "STOR_LEVEL_4": "A",
        "STORAGE_LOCATION": "WHSE01E01A",
        "ITEM_PRICE": "387",
        "SYS_QTY": "50",
        "UNIT_OF_MEASURE": "EA",
        "STD_PACK_UOM": "EA",
        "CONTAINER_ID": { "-xml:space": "preserve" },
        "SERIAL_ID": "NONE",
        "INV_LOT_ID": "NONE",
        "LATEST_UPDATE_DATE": "1900-01-01T00:00:00+05:30",
        "L_S_CONTROLLED": { "-xml:space": "preserve" },
        "SERIAL_CONTROLLED": "N",
        "CONSIGNED_FLAG": "N",
        "STAGED_DATE": "1900-01-01 00:00:00",
        "COUNT_DIFF": "-9999",
        "COUNT_DIFF_PER": "-9999",
        "VALUE_DIFF": "-9999",
        "EXT_VALUE": "-9999",
        "LATEST_SYSQTY": "50",
        "COUNT0": "1,100000000002000004,,2,,N,1,0030312"
      },
      {
        "INV_ITEM_ID": "0030326",
        "DESCRIPTION": "CLAMP,KOCHER,STR,1X2,TEE",
        "MFG_ITEM_ID": "105-200",
        "STORAGE_AREA": "WHSE",
        "STOR_LEVEL_1": "01",
        "STOR_LEVEL_2": "D",
        "STOR_LEVEL_3": "01",
        "STOR_LEVEL_4": "T",
        "STORAGE_LOCATION": "WHSE01D01T",
        "ITEM_PRICE": "11.57",
        "SYS_QTY": "179",
        "UNIT_OF_MEASURE": "EA",
        "STD_PACK_UOM": "EA",
        "CONTAINER_ID": { "-xml:space": "preserve" },
        "SERIAL_ID": "NONE",
        "INV_LOT_ID": "NONE",
        "LATEST_UPDATE_DATE": "1900-01-01T00:00:00+05:30",
        "L_S_CONTROLLED": { "-xml:space": "preserve" },
        "SERIAL_CONTROLLED": "N",
        "CONSIGNED_FLAG": "N",
        "STAGED_DATE": "1900-01-01 00:00:00",
        "COUNT_DIFF": "-9999",
        "COUNT_DIFF_PER": "-9999",
        "VALUE_DIFF": "-9999",
        "EXT_VALUE": "-9999",
        "LATEST_SYSQTY": "179",
        "COUNT0": "1,100000000002000005,,2,,N,1,0030326"
      },
      {
        "INV_ITEM_ID": "0030327",
        "DESCRIPTION": "CLAMP,BABCOCK,STR,6.25",
        "MFG_ITEM_ID": "135-181",
        "STORAGE_AREA": "WHSE",
        "STOR_LEVEL_1": "01",
        "STOR_LEVEL_2": "D",
        "STOR_LEVEL_3": "01",
        "STOR_LEVEL_4": "S",
        "STORAGE_LOCATION": "WHSE01D01S",
        "ITEM_PRICE": "21.48",
        "SYS_QTY": "200",
        "UNIT_OF_MEASURE": "EA",
        "STD_PACK_UOM": "EA",
        "CONTAINER_ID": { "-xml:space": "preserve" },
        "SERIAL_ID": "NONE",
        "INV_LOT_ID": "NONE",
        "LATEST_UPDATE_DATE": "1900-01-01T00:00:00+05:30",
        "L_S_CONTROLLED": { "-xml:space": "preserve" },
        "SERIAL_CONTROLLED": "N",
        "CONSIGNED_FLAG": "N",
        "STAGED_DATE": "1900-01-01 00:00:00",
        "COUNT_DIFF": "-9999",
        "COUNT_DIFF_PER": "-9999",
        "VALUE_DIFF": "-9999",
        "EXT_VALUE": "-9999",
        "LATEST_SYSQTY": "200",
        "COUNT0": "1,100000000002000006,,2,,N,1,0030327"
      },
      {
        "INV_ITEM_ID": "0030331",
        "DESCRIPTION": "ANTIBODY,PMS2",
        "MFG_ITEM_ID": "556415",
        "STORAGE_AREA": "WHSE",
        "STOR_LEVEL_1": "01",
        "STOR_LEVEL_2": "D",
        "STOR_LEVEL_3": "01",
        "STOR_LEVEL_4": "E",
        "STORAGE_LOCATION": "WHSE01D01E",
        "ITEM_PRICE": "265",
        "SYS_QTY": "200",
        "UNIT_OF_MEASURE": "EA",
        "STD_PACK_UOM": "EA",
        "CONTAINER_ID": { "-xml:space": "preserve" },
        "SERIAL_ID": "NONE",
        "INV_LOT_ID": "NONE",
        "LATEST_UPDATE_DATE": "1900-01-01T00:00:00+05:30",
        "L_S_CONTROLLED": { "-xml:space": "preserve" },
        "SERIAL_CONTROLLED": "N",
        "CONSIGNED_FLAG": "N",
        "STAGED_DATE": "1900-01-01 00:00:00",
        "COUNT_DIFF": "-9999",
        "COUNT_DIFF_PER": "-9999",
        "VALUE_DIFF": "-9999",
        "EXT_VALUE": "-9999",
        "LATEST_SYSQTY": "200",
        "COUNT0": "1,100000000002000007,,2,,N,1,0030331"
      },
      {
        "INV_ITEM_ID": "0030373",
        "DESCRIPTION": "CUP,PINNACLE,DUOFIX,HA,SZ,52MM",
        "MFG_ITEM_ID": "1217-11-052",
        "STORAGE_AREA": "WHSE",
        "STOR_LEVEL_1": "01",
        "STOR_LEVEL_2": "D",
        "STOR_LEVEL_3": "01",
        "STOR_LEVEL_4": "Y",
        "STORAGE_LOCATION": "WHSE01D01Y",
        "ITEM_PRICE": "1632",
        "SYS_QTY": "200",
        "UNIT_OF_MEASURE": "EA",
        "STD_PACK_UOM": "EA",
        "CONTAINER_ID": { "-xml:space": "preserve" },
        "SERIAL_ID": "NONE",
        "INV_LOT_ID": "NONE",
        "LATEST_UPDATE_DATE": "1900-01-01T00:00:00+05:30",
        "L_S_CONTROLLED": { "-xml:space": "preserve" },
        "SERIAL_CONTROLLED": "N",
        "CONSIGNED_FLAG": "N",
        "STAGED_DATE": "1900-01-01 00:00:00",
        "COUNT_DIFF": "-9999",
        "COUNT_DIFF_PER": "-9999",
        "VALUE_DIFF": "-9999",
        "EXT_VALUE": "-9999",
        "LATEST_SYSQTY": "200",
        "COUNT0": "1,100000000002000008,,2,,N,1,0030373"
      },
      {
        "INV_ITEM_ID": "0030380",
        "DESCRIPTION": "SUTURE,CTD,VICRYL,0,OS-2",
        "MFG_ITEM_ID": "23000J704T",
        "STORAGE_AREA": "WHSE",
        "STOR_LEVEL_1": "01",
        "STOR_LEVEL_2": "E",
        "STOR_LEVEL_3": "01",
        "STOR_LEVEL_4": "G",
        "STORAGE_LOCATION": "WHSE01E01G",
        "ITEM_PRICE": "161.2",
        "SYS_QTY": "200",
        "UNIT_OF_MEASURE": "BOX",
        "STD_PACK_UOM": "BOX",
        "CONTAINER_ID": { "-xml:space": "preserve" },
        "SERIAL_ID": "NONE",
        "INV_LOT_ID": "NONE",
        "LATEST_UPDATE_DATE": "1900-01-01T00:00:00+05:30",
        "L_S_CONTROLLED": { "-xml:space": "preserve" },
        "SERIAL_CONTROLLED": "N",
        "CONSIGNED_FLAG": "N",
        "STAGED_DATE": "1900-01-01 00:00:00",
        "COUNT_DIFF": "-9999",
        "COUNT_DIFF_PER": "-9999",
        "VALUE_DIFF": "-9999",
        "EXT_VALUE": "-9999",
        "LATEST_SYSQTY": "200",
        "COUNT0": "1,100000000002000009,,2,,N,1,0030380"
      },
      {
        "INV_ITEM_ID": "0030385",
        "DESCRIPTION": "RELOAD,ECHELON,GREEN",
        "MFG_ITEM_ID": "ECR60G",
        "STORAGE_AREA": "WHSE",
        "STOR_LEVEL_1": "01",
        "STOR_LEVEL_2": "E",
        "STOR_LEVEL_3": "01",
        "STOR_LEVEL_4": "F",
        "STORAGE_LOCATION": "WHSE01E01F",
        "ITEM_PRICE": "117.25",
        "SYS_QTY": "159",
        "UNIT_OF_MEASURE": "EA",
        "STD_PACK_UOM": "EA",
        "CONTAINER_ID": { "-xml:space": "preserve" },
        "SERIAL_ID": "NONE",
        "INV_LOT_ID": "NONE",
        "LATEST_UPDATE_DATE": "1900-01-01T00:00:00+05:30",
        "L_S_CONTROLLED": { "-xml:space": "preserve" },
        "SERIAL_CONTROLLED": "N",
        "CONSIGNED_FLAG": "N",
        "STAGED_DATE": "1900-01-01 00:00:00",
        "COUNT_DIFF": "-9999",
        "COUNT_DIFF_PER": "-9999",
        "VALUE_DIFF": "-9999",
        "EXT_VALUE": "-9999",
        "LATEST_SYSQTY": "159",
        "COUNT0": "1,100000000002000010,,2,,N,1,0030385"
      },
      {
        "INV_ITEM_ID": "0030391",
        "DESCRIPTION": "CANNULA,32FR,SHORT,APICAL",
        "MFG_ITEM_ID": "0506-0032MS-SA",
        "STORAGE_AREA": "WHSE",
        "STOR_LEVEL_1": "01",
        "STOR_LEVEL_2": "D",
        "STOR_LEVEL_3": "01",
        "STOR_LEVEL_4": "P",
        "STORAGE_LOCATION": "WHSE01D01P",
        "ITEM_PRICE": "1090",
        "SYS_QTY": "190",
        "UNIT_OF_MEASURE": "EA",
        "STD_PACK_UOM": "EA",
        "CONTAINER_ID": { "-xml:space": "preserve" },
        "SERIAL_ID": "NONE",
        "INV_LOT_ID": "NONE",
        "LATEST_UPDATE_DATE": "1900-01-01T00:00:00+05:30",
        "L_S_CONTROLLED": { "-xml:space": "preserve" },
        "SERIAL_CONTROLLED": "N",
        "CONSIGNED_FLAG": "N",
        "STAGED_DATE": "1900-01-01 00:00:00",
        "COUNT_DIFF": "-9999",
        "COUNT_DIFF_PER": "-9999",
        "VALUE_DIFF": "-9999",
        "EXT_VALUE": "-9999",
        "LATEST_SYSQTY": "190",
        "COUNT0": "1,100000000002000011,,2,,N,1,0030391"
      },
      {
        "INV_ITEM_ID": "0030392",
        "DESCRIPTION": "CANNULA,42FR,SHORT,APICAL",
        "MFG_ITEM_ID": "0506-0042MS-SA",
        "STORAGE_AREA": "WHSE",
        "STOR_LEVEL_1": "01",
        "STOR_LEVEL_2": "D",
        "STOR_LEVEL_3": "01",
        "STOR_LEVEL_4": "Q",
        "STORAGE_LOCATION": "WHSE01D01Q",
        "ITEM_PRICE": "1090",
        "SYS_QTY": "200",
        "UNIT_OF_MEASURE": "EA",
        "STD_PACK_UOM": "EA",
        "CONTAINER_ID": { "-xml:space": "preserve" },
        "SERIAL_ID": "NONE",
        "INV_LOT_ID": "NONE",
        "LATEST_UPDATE_DATE": "1900-01-01T00:00:00+05:30",
        "L_S_CONTROLLED": { "-xml:space": "preserve" },
        "SERIAL_CONTROLLED": "N",
        "CONSIGNED_FLAG": "N",
        "STAGED_DATE": "1900-01-01 00:00:00",
        "COUNT_DIFF": "-9999",
        "COUNT_DIFF_PER": "-9999",
        "VALUE_DIFF": "-9999",
        "EXT_VALUE": "-9999",
        "LATEST_SYSQTY": "200",
        "COUNT0": "1,100000000002000012,,2,,N,1,0030392"
      },
      {
        "INV_ITEM_ID": "0030393",
        "DESCRIPTION": "CUFF,SEWING,32FR",
        "MFG_ITEM_ID": "0507-0032",
        "STORAGE_AREA": "WHSE",
        "STOR_LEVEL_1": "01",
        "STOR_LEVEL_2": "D",
        "STOR_LEVEL_3": "01",
        "STOR_LEVEL_4": "W",
        "STORAGE_LOCATION": "WHSE01D01W",
        "ITEM_PRICE": "1090",
        "SYS_QTY": "200",
        "UNIT_OF_MEASURE": "EA",
        "STD_PACK_UOM": "EA",
        "CONTAINER_ID": { "-xml:space": "preserve" },
        "SERIAL_ID": "NONE",
        "INV_LOT_ID": "NONE",
        "LATEST_UPDATE_DATE": "1900-01-01T00:00:00+05:30",
        "L_S_CONTROLLED": { "-xml:space": "preserve" },
        "SERIAL_CONTROLLED": "N",
        "CONSIGNED_FLAG": "N",
        "STAGED_DATE": "1900-01-01 00:00:00",
        "COUNT_DIFF": "-9999",
        "COUNT_DIFF_PER": "-9999",
        "VALUE_DIFF": "-9999",
        "EXT_VALUE": "-9999",
        "LATEST_SYSQTY": "200",
        "COUNT0": "1,100000000002000013,,2,,N,1,0030393"
      },
      {
        "INV_ITEM_ID": "0030394",
        "DESCRIPTION": "CUFF,SEWING,42FR",
        "MFG_ITEM_ID": "0507-0042",
        "STORAGE_AREA": "WHSE",
        "STOR_LEVEL_1": "01",
        "STOR_LEVEL_2": "D",
        "STOR_LEVEL_3": "01",
        "STOR_LEVEL_4": "X",
        "STORAGE_LOCATION": "WHSE01D01X",
        "ITEM_PRICE": "1090",
        "SYS_QTY": "200",
        "UNIT_OF_MEASURE": "EA",
        "STD_PACK_UOM": "EA",
        "CONTAINER_ID": { "-xml:space": "preserve" },
        "SERIAL_ID": "NONE",
        "INV_LOT_ID": "NONE",
        "LATEST_UPDATE_DATE": "1900-01-01T00:00:00+05:30",
        "L_S_CONTROLLED": { "-xml:space": "preserve" },
        "SERIAL_CONTROLLED": "N",
        "CONSIGNED_FLAG": "N",
        "STAGED_DATE": "1900-01-01 00:00:00",
        "COUNT_DIFF": "-9999",
        "COUNT_DIFF_PER": "-9999",
        "VALUE_DIFF": "-9999",
        "EXT_VALUE": "-9999",
        "LATEST_SYSQTY": "200",
        "COUNT0": "1,100000000002000014,,2,,N,1,0030394"
      },
      {
        "INV_ITEM_ID": "0030418",
        "DESCRIPTION": "BLADE,OSCILLATING,SAGITTAL",
        "MFG_ITEM_ID": "2296-033-103",
        "STORAGE_AREA": "WHSE",
        "STOR_LEVEL_1": "01",
        "STOR_LEVEL_2": "D",
        "STOR_LEVEL_3": "01",
        "STOR_LEVEL_4": "K",
        "STORAGE_LOCATION": "WHSE01D01K",
        "ITEM_PRICE": "22.5",
        "SYS_QTY": "200",
        "UNIT_OF_MEASURE": "EA",
        "STD_PACK_UOM": "EA",
        "CONTAINER_ID": { "-xml:space": "preserve" },
        "SERIAL_ID": "NONE",
        "INV_LOT_ID": "NONE",
        "LATEST_UPDATE_DATE": "1900-01-01T00:00:00+05:30",
        "L_S_CONTROLLED": { "-xml:space": "preserve" },
        "SERIAL_CONTROLLED": "N",
        "CONSIGNED_FLAG": "N",
        "STAGED_DATE": "1900-01-01 00:00:00",
        "COUNT_DIFF": "-9999",
        "COUNT_DIFF_PER": "-9999",
        "VALUE_DIFF": "-9999",
        "EXT_VALUE": "-9999",
        "LATEST_SYSQTY": "200",
        "COUNT0": "1,100000000002000015,,2,,N,1,0030418"
      },
      {
        "INV_ITEM_ID": "0030419",
        "DESCRIPTION": "BLADE,SAW,OSCILLATING,WIDE",
        "MFG_ITEM_ID": "0277-031-104",
        "STORAGE_AREA": "WHSE",
        "STOR_LEVEL_1": "01",
        "STOR_LEVEL_2": "D",
        "STOR_LEVEL_3": "01",
        "STOR_LEVEL_4": "M",
        "STORAGE_LOCATION": "WHSE01D01M",
        "ITEM_PRICE": "38.16",
        "SYS_QTY": "200",
        "UNIT_OF_MEASURE": "EA",
        "STD_PACK_UOM": "EA",
        "CONTAINER_ID": { "-xml:space": "preserve" },
        "SERIAL_ID": "NONE",
        "INV_LOT_ID": "NONE",
        "LATEST_UPDATE_DATE": "1900-01-01T00:00:00+05:30",
        "L_S_CONTROLLED": { "-xml:space": "preserve" },
        "SERIAL_CONTROLLED": "N",
        "CONSIGNED_FLAG": "N",
        "STAGED_DATE": "1900-01-01 00:00:00",
        "COUNT_DIFF": "-9999",
        "COUNT_DIFF_PER": "-9999",
        "VALUE_DIFF": "-9999",
        "EXT_VALUE": "-9999",
        "LATEST_SYSQTY": "200",
        "COUNT0": "1,100000000002000016,,2,,N,1,0030419"
      },
      {
        "INV_ITEM_ID": "0030420",
        "DESCRIPTION": "BLADE,SAW,BENT,FINE",
        "MFG_ITEM_ID": "2296-003-150",
        "STORAGE_AREA": "WHSE",
        "STOR_LEVEL_1": "01",
        "STOR_LEVEL_2": "D",
        "STOR_LEVEL_3": "01",
        "STOR_LEVEL_4": "L",
        "STORAGE_LOCATION": "WHSE01D01L",
        "ITEM_PRICE": "45.42",
        "SYS_QTY": "195",
        "UNIT_OF_MEASURE": "EA",
        "STD_PACK_UOM": "EA",
        "CONTAINER_ID": { "-xml:space": "preserve" },
        "SERIAL_ID": "NONE",
        "INV_LOT_ID": "NONE",
        "LATEST_UPDATE_DATE": "1900-01-01T00:00:00+05:30",
        "L_S_CONTROLLED": { "-xml:space": "preserve" },
        "SERIAL_CONTROLLED": "N",
        "CONSIGNED_FLAG": "N",
        "STAGED_DATE": "1900-01-01 00:00:00",
        "COUNT_DIFF": "-9999",
        "COUNT_DIFF_PER": "-9999",
        "VALUE_DIFF": "-9999",
        "EXT_VALUE": "-9999",
        "LATEST_SYSQTY": "195",
        "COUNT0": "2,100000000002000017,,2,,N,2,0030420"
      },
      {
        "INV_ITEM_ID": "0030422",
        "DESCRIPTION": "CATHETER,TURBO,2.5,OTW",
        "MFG_ITEM_ID": "325-011",
        "STORAGE_AREA": "WHSE",
        "STOR_LEVEL_1": "01",
        "STOR_LEVEL_2": "D",
        "STOR_LEVEL_3": "01",
        "STOR_LEVEL_4": "R",
        "STORAGE_LOCATION": "WHSE01D01R",
        "ITEM_PRICE": "1875",
        "SYS_QTY": "197",
        "UNIT_OF_MEASURE": "EA",
        "STD_PACK_UOM": "EA",
        "CONTAINER_ID": { "-xml:space": "preserve" },
        "SERIAL_ID": "NONE",
        "INV_LOT_ID": "NONE",
        "LATEST_UPDATE_DATE": "1900-01-01T00:00:00+05:30",
        "L_S_CONTROLLED": { "-xml:space": "preserve" },
        "SERIAL_CONTROLLED": "N",
        "CONSIGNED_FLAG": "N",
        "STAGED_DATE": "1900-01-01 00:00:00",
        "COUNT_DIFF": "-9999",
        "COUNT_DIFF_PER": "-9999",
        "VALUE_DIFF": "-9999",
        "EXT_VALUE": "-9999",
        "LATEST_SYSQTY": "197",
        "COUNT0": "2,100000000002000018,,2,,N,2,0030422"
      },
      {
        "INV_ITEM_ID": "0030427",
        "DESCRIPTION": "DRILL,TWIST,1.1X50MM,3.5MM,STOP",
        "MFG_ITEM_ID": "25-452-03",
        "STORAGE_AREA": "WHSE",
        "STOR_LEVEL_1": "01",
        "STOR_LEVEL_2": "E",
        "STOR_LEVEL_3": "01",
        "STOR_LEVEL_4": "D",
        "STORAGE_LOCATION": "WHSE01E01D",
        "ITEM_PRICE": "106.4",
        "SYS_QTY": "196",
        "UNIT_OF_MEASURE": "EA",
        "STD_PACK_UOM": "EA",
        "CONTAINER_ID": { "-xml:space": "preserve" },
        "SERIAL_ID": "NONE",
        "INV_LOT_ID": "NONE",
        "LATEST_UPDATE_DATE": "1900-01-01T00:00:00+05:30",
        "L_S_CONTROLLED": { "-xml:space": "preserve" },
        "SERIAL_CONTROLLED": "N",
        "CONSIGNED_FLAG": "N",
        "STAGED_DATE": "1900-01-01 00:00:00",
        "COUNT_DIFF": "-9999",
        "COUNT_DIFF_PER": "-9999",
        "VALUE_DIFF": "-9999",
        "EXT_VALUE": "-9999",
        "LATEST_SYSQTY": "196",
        "COUNT0": "2,100000000002000019,,2,,N,2,0030427"
      },
      {
        "INV_ITEM_ID": "0030436",
        "DESCRIPTION": "CAGE,BENGAL,8MM",
        "MFG_ITEM_ID": "1873-01-108",
        "STORAGE_AREA": "WHSE",
        "STOR_LEVEL_1": "01",
        "STOR_LEVEL_2": "D",
        "STOR_LEVEL_3": "01",
        "STOR_LEVEL_4": "O",
        "STORAGE_LOCATION": "WHSE01D01O",
        "ITEM_PRICE": "1275.1",
        "SYS_QTY": "199",
        "UNIT_OF_MEASURE": "EA",
        "STD_PACK_UOM": "EA",
        "CONTAINER_ID": { "-xml:space": "preserve" },
        "SERIAL_ID": "NONE",
        "INV_LOT_ID": "NONE",
        "LATEST_UPDATE_DATE": "1900-01-01T00:00:00+05:30",
        "L_S_CONTROLLED": { "-xml:space": "preserve" },
        "SERIAL_CONTROLLED": "N",
        "CONSIGNED_FLAG": "N",
        "STAGED_DATE": "1900-01-01 00:00:00",
        "COUNT_DIFF": "-9999",
        "COUNT_DIFF_PER": "-9999",
        "VALUE_DIFF": "-9999",
        "EXT_VALUE": "-9999",
        "LATEST_SYSQTY": "199",
        "COUNT0": "2,100000000002000020,,2,,N,2,0030436"
      },
      {
        "INV_ITEM_ID": "0030457",
        "DESCRIPTION": "ANCHOR,BIO-CORKSCREW,3.7MM",
        "MFG_ITEM_ID": "AR-1920BF-37",
        "STORAGE_AREA": "WHSE",
        "STOR_LEVEL_1": "01",
        "STOR_LEVEL_2": "D",
        "STOR_LEVEL_3": "01",
        "STOR_LEVEL_4": "B",
        "STORAGE_LOCATION": "WHSE01D01B",
        "ITEM_PRICE": "260",
        "SYS_QTY": "200",
        "UNIT_OF_MEASURE": "EA",
        "STD_PACK_UOM": "EA",
        "CONTAINER_ID": { "-xml:space": "preserve" },
        "SERIAL_ID": "NONE",
        "INV_LOT_ID": "NONE",
        "LATEST_UPDATE_DATE": "1900-01-01T00:00:00+05:30",
        "L_S_CONTROLLED": { "-xml:space": "preserve" },
        "SERIAL_CONTROLLED": "N",
        "CONSIGNED_FLAG": "N",
        "STAGED_DATE": "1900-01-01 00:00:00",
        "COUNT_DIFF": "-9999",
        "COUNT_DIFF_PER": "-9999",
        "VALUE_DIFF": "-9999",
        "EXT_VALUE": "-9999",
        "LATEST_SYSQTY": "200",
        "COUNT0": "2,100000000002000021,,2,,N,2,0030457"
      },
      {
        "INV_ITEM_ID": "0030458",
        "DESCRIPTION": "ANCHOR,PUSHLOCK,PEEK,4.5X18.5MM",
        "MFG_ITEM_ID": "AR-1922PS",
        "STORAGE_AREA": "WHSE",
        "STOR_LEVEL_1": "01",
        "STOR_LEVEL_2": "D",
        "STOR_LEVEL_3": "01",
        "STOR_LEVEL_4": "C",
        "STORAGE_LOCATION": "WHSE01D01C",
        "ITEM_PRICE": "340",
        "SYS_QTY": "200",
        "UNIT_OF_MEASURE": "EA",
        "STD_PACK_UOM": "EA",
        "CONTAINER_ID": { "-xml:space": "preserve" },
        "SERIAL_ID": "NONE",
        "INV_LOT_ID": "NONE",
        "LATEST_UPDATE_DATE": "1900-01-01T00:00:00+05:30",
        "L_S_CONTROLLED": { "-xml:space": "preserve" },
        "SERIAL_CONTROLLED": "N",
        "CONSIGNED_FLAG": "N",
        "STAGED_DATE": "1900-01-01 00:00:00",
        "COUNT_DIFF": "-9999",
        "COUNT_DIFF_PER": "-9999",
        "VALUE_DIFF": "-9999",
        "EXT_VALUE": "-9999",
        "LATEST_SYSQTY": "200",
        "COUNT0": "2,100000000002000022,,2,,N,2,0030458"
      },
      {
        "INV_ITEM_ID": "0030471",
        "DESCRIPTION": "BALLOON,OTW,PTA,2.0X10MM",
        "MFG_ITEM_ID": "2039-2010",
        "STORAGE_AREA": "WHSE",
        "STOR_LEVEL_1": "01",
        "STOR_LEVEL_2": "E",
        "STOR_LEVEL_3": "01",
        "STOR_LEVEL_4": "H",
        "STORAGE_LOCATION": "WHSE01E01H",
        "ITEM_PRICE": "800",
        "SYS_QTY": "242",
        "UNIT_OF_MEASURE": "EA",
        "STD_PACK_UOM": "EA",
        "CONTAINER_ID": { "-xml:space": "preserve" },
        "SERIAL_ID": "NONE",
        "INV_LOT_ID": "NONE",
        "LATEST_UPDATE_DATE": "1900-01-01T00:00:00+05:30",
        "L_S_CONTROLLED": { "-xml:space": "preserve" },
        "SERIAL_CONTROLLED": "N",
        "CONSIGNED_FLAG": "N",
        "STAGED_DATE": "1900-01-01 00:00:00",
        "COUNT_DIFF": "-9999",
        "COUNT_DIFF_PER": "-9999",
        "VALUE_DIFF": "-9999",
        "EXT_VALUE": "-9999",
        "LATEST_SYSQTY": "242",
        "COUNT0": "2,100000000002000023,,2,,N,2,0030471"
      },
      {
        "INV_ITEM_ID": "0030472",
        "DESCRIPTION": "BALLOON,OTW,PTA,2.0X20MM",
        "MFG_ITEM_ID": "2039-2020",
        "STORAGE_AREA": "WHSE",
        "STOR_LEVEL_1": "01",
        "STOR_LEVEL_2": "D",
        "STOR_LEVEL_3": "01",
        "STOR_LEVEL_4": "H",
        "STORAGE_LOCATION": "WHSE01D01H",
        "ITEM_PRICE": "800",
        "SYS_QTY": "200",
        "UNIT_OF_MEASURE": "EA",
        "STD_PACK_UOM": "EA",
        "CONTAINER_ID": { "-xml:space": "preserve" },
        "SERIAL_ID": "NONE",
        "INV_LOT_ID": "NONE",
        "LATEST_UPDATE_DATE": "1900-01-01T00:00:00+05:30",
        "L_S_CONTROLLED": { "-xml:space": "preserve" },
        "SERIAL_CONTROLLED": "N",
        "CONSIGNED_FLAG": "N",
        "STAGED_DATE": "1900-01-01 00:00:00",
        "COUNT_DIFF": "-9999",
        "COUNT_DIFF_PER": "-9999",
        "VALUE_DIFF": "-9999",
        "EXT_VALUE": "-9999",
        "LATEST_SYSQTY": "200",
        "COUNT0": "2,100000000002000024,,2,,N,2,0030472"
      },
      {
        "INV_ITEM_ID": "0030473",
        "DESCRIPTION": "BALLOON,OTW,PTA,2.5X20MM",
        "MFG_ITEM_ID": "2039-2520",
        "STORAGE_AREA": "WHSE",
        "STOR_LEVEL_1": "01",
        "STOR_LEVEL_2": "D",
        "STOR_LEVEL_3": "01",
        "STOR_LEVEL_4": "I",
        "STORAGE_LOCATION": "WHSE01D01I",
        "ITEM_PRICE": "800",
        "SYS_QTY": "200",
        "UNIT_OF_MEASURE": "EA",
        "STD_PACK_UOM": "EA",
        "CONTAINER_ID": { "-xml:space": "preserve" },
        "SERIAL_ID": "NONE",
        "INV_LOT_ID": "NONE",
        "LATEST_UPDATE_DATE": "1900-01-01T00:00:00+05:30",
        "L_S_CONTROLLED": { "-xml:space": "preserve" },
        "SERIAL_CONTROLLED": "N",
        "CONSIGNED_FLAG": "N",
        "STAGED_DATE": "1900-01-01 00:00:00",
        "COUNT_DIFF": "-9999",
        "COUNT_DIFF_PER": "-9999",
        "VALUE_DIFF": "-9999",
        "EXT_VALUE": "-9999",
        "LATEST_SYSQTY": "200",
        "COUNT0": "2,100000000002000025,,2,,N,2,0030473"
      },
      {
        "INV_ITEM_ID": "0030474",
        "DESCRIPTION": "BALLOON,OTW,PTA,3.0X20MM",
        "MFG_ITEM_ID": "2039-3020",
        "STORAGE_AREA": "WHSE",
        "STOR_LEVEL_1": "01",
        "STOR_LEVEL_2": "D",
        "STOR_LEVEL_3": "01",
        "STOR_LEVEL_4": "J",
        "STORAGE_LOCATION": "WHSE01D01J",
        "ITEM_PRICE": "800",
        "SYS_QTY": "183",
        "UNIT_OF_MEASURE": "EA",
        "STD_PACK_UOM": "EA",
        "CONTAINER_ID": { "-xml:space": "preserve" },
        "SERIAL_ID": "NONE",
        "INV_LOT_ID": "NONE",
        "LATEST_UPDATE_DATE": "1900-01-01T00:00:00+05:30",
        "L_S_CONTROLLED": { "-xml:space": "preserve" },
        "SERIAL_CONTROLLED": "N",
        "CONSIGNED_FLAG": "N",
        "STAGED_DATE": "1900-01-01 00:00:00",
        "COUNT_DIFF": "-9999",
        "COUNT_DIFF_PER": "-9999",
        "VALUE_DIFF": "-9999",
        "EXT_VALUE": "-9999",
        "LATEST_SYSQTY": "183",
        "COUNT0": "2,100000000002000026,,2,,N,2,0030474"
      },
      {
        "INV_ITEM_ID": "0030475",
        "DESCRIPTION": "TUBE,PRESSURE,MALE,2,MALE,36IN",
        "MFG_ITEM_ID": "423670411",
        "STORAGE_AREA": "WHSE",
        "STOR_LEVEL_1": "01",
        "STOR_LEVEL_2": "D",
        "STOR_LEVEL_3": "01",
        "STOR_LEVEL_4": "A",
        "STORAGE_LOCATION": "WHSE01D01A",
        "ITEM_PRICE": "28.25",
        "SYS_QTY": "50",
        "UNIT_OF_MEASURE": "CS",
        "STD_PACK_UOM": "CS",
        "CONTAINER_ID": { "-xml:space": "preserve" },
        "SERIAL_ID": "NONE",
        "INV_LOT_ID": "NONE",
        "LATEST_UPDATE_DATE": "1900-01-01T00:00:00+05:30",
        "L_S_CONTROLLED": { "-xml:space": "preserve" },
        "SERIAL_CONTROLLED": "N",
        "CONSIGNED_FLAG": "N",
        "STAGED_DATE": "1900-01-01 00:00:00",
        "COUNT_DIFF": "-9999",
        "COUNT_DIFF_PER": "-9999",
        "VALUE_DIFF": "-9999",
        "EXT_VALUE": "-9999",
        "LATEST_SYSQTY": "50",
        "COUNT0": "2,100000000002000027,,2,,N,2,0030475"
      },
      {
        "INV_ITEM_ID": "0030479",
        "DESCRIPTION": "COIL,NESTER,PLATINUM,8MMX14CM",
        "MFG_ITEM_ID": "G26995",
        "STORAGE_AREA": "WHSE",
        "STOR_LEVEL_1": "01",
        "STOR_LEVEL_2": "D",
        "STOR_LEVEL_3": "01",
        "STOR_LEVEL_4": "V",
        "STORAGE_LOCATION": "WHSE01D01V",
        "ITEM_PRICE": "75",
        "SYS_QTY": "190",
        "UNIT_OF_MEASURE": "EA",
        "STD_PACK_UOM": "EA",
        "CONTAINER_ID": { "-xml:space": "preserve" },
        "SERIAL_ID": "NONE",
        "INV_LOT_ID": "NONE",
        "LATEST_UPDATE_DATE": "1900-01-01T00:00:00+05:30",
        "L_S_CONTROLLED": { "-xml:space": "preserve" },
        "SERIAL_CONTROLLED": "N",
        "CONSIGNED_FLAG": "N",
        "STAGED_DATE": "1900-01-01 00:00:00",
        "COUNT_DIFF": "-9999",
        "COUNT_DIFF_PER": "-9999",
        "VALUE_DIFF": "-9999",
        "EXT_VALUE": "-9999",
        "LATEST_SYSQTY": "190",
        "COUNT0": "2,100000000002000028,,2,,N,2,0030479"
      },
      {
        "INV_ITEM_ID": "0030480",
        "DESCRIPTION": "COIL,NESTER,PLATINUM,12MMX14CM",
        "MFG_ITEM_ID": "G26992",
        "STORAGE_AREA": "WHSE",
        "STOR_LEVEL_1": "01",
        "STOR_LEVEL_2": "D",
        "STOR_LEVEL_3": "01",
        "STOR_LEVEL_4": "U",
        "STORAGE_LOCATION": "WHSE01D01U",
        "ITEM_PRICE": "75",
        "SYS_QTY": "200",
        "UNIT_OF_MEASURE": "EA",
        "STD_PACK_UOM": "EA",
        "CONTAINER_ID": { "-xml:space": "preserve" },
        "SERIAL_ID": "NONE",
        "INV_LOT_ID": "NONE",
        "LATEST_UPDATE_DATE": "1900-01-01T00:00:00+05:30",
        "L_S_CONTROLLED": { "-xml:space": "preserve" },
        "SERIAL_CONTROLLED": "N",
        "CONSIGNED_FLAG": "N",
        "STAGED_DATE": "1900-01-01 00:00:00",
        "COUNT_DIFF": "-9999",
        "COUNT_DIFF_PER": "-9999",
        "VALUE_DIFF": "-9999",
        "EXT_VALUE": "-9999",
        "LATEST_SYSQTY": "200",
        "COUNT0": "2,100000000002000029,,2,,N,2,0030480"
      },
      {
        "INV_ITEM_ID": "0030489",
        "DESCRIPTION": "ANTIBODY,CD-8,1ML",
        "MFG_ITEM_ID": "MS-457-S",
        "STORAGE_AREA": "WHSE",
        "STOR_LEVEL_1": "01",
        "STOR_LEVEL_2": "D",
        "STOR_LEVEL_3": "01",
        "STOR_LEVEL_4": "D",
        "STORAGE_LOCATION": "WHSE01D01D",
        "ITEM_PRICE": "563.3",
        "SYS_QTY": "195",
        "UNIT_OF_MEASURE": "EA",
        "STD_PACK_UOM": "EA",
        "CONTAINER_ID": { "-xml:space": "preserve" },
        "SERIAL_ID": "NONE",
        "INV_LOT_ID": "NONE",
        "LATEST_UPDATE_DATE": "1900-01-01T00:00:00+05:30",
        "L_S_CONTROLLED": { "-xml:space": "preserve" },
        "SERIAL_CONTROLLED": "N",
        "CONSIGNED_FLAG": "N",
        "STAGED_DATE": "1900-01-01 00:00:00",
        "COUNT_DIFF": "-9999",
        "COUNT_DIFF_PER": "-9999",
        "VALUE_DIFF": "-9999",
        "EXT_VALUE": "-9999",
        "LATEST_SYSQTY": "195",
        "COUNT0": "2,100000000002000030,,2,,N,2,0030489"
      },
      {
        "INV_ITEM_ID": "0030491",
        "DESCRIPTION": "DRILL,BIT,MIDAS,TELESCOPING",
        "MFG_ITEM_ID": "T12MH20D",
        "STORAGE_AREA": "WHSE",
        "STOR_LEVEL_1": "01",
        "STOR_LEVEL_2": "E",
        "STOR_LEVEL_3": "01",
        "STOR_LEVEL_4": "C",
        "STORAGE_LOCATION": "WHSE01E01C",
        "ITEM_PRICE": "134.68",
        "SYS_QTY": "200",
        "UNIT_OF_MEASURE": "EA",
        "STD_PACK_UOM": "EA",
        "CONTAINER_ID": { "-xml:space": "preserve" },
        "SERIAL_ID": "NONE",
        "INV_LOT_ID": "NONE",
        "LATEST_UPDATE_DATE": "1900-01-01T00:00:00+05:30",
        "L_S_CONTROLLED": { "-xml:space": "preserve" },
        "SERIAL_CONTROLLED": "N",
        "CONSIGNED_FLAG": "N",
        "STAGED_DATE": "1900-01-01 00:00:00",
        "COUNT_DIFF": "-9999",
        "COUNT_DIFF_PER": "-9999",
        "VALUE_DIFF": "-9999",
        "EXT_VALUE": "-9999",
        "LATEST_SYSQTY": "200",
        "COUNT0": "2,100000000002000031,,2,,N,2,0030491"
      },
      {
        "INV_ITEM_ID": "0030513",
        "DESCRIPTION": "BALLOON,2X12,SPRINTER,MX",
        "MFG_ITEM_ID": "SPR2012MX",
        "STORAGE_AREA": "WHSE",
        "STOR_LEVEL_1": "01",
        "STOR_LEVEL_2": "D",
        "STOR_LEVEL_3": "01",
        "STOR_LEVEL_4": "F",
        "STORAGE_LOCATION": "WHSE01D01F",
        "ITEM_PRICE": "250",
        "SYS_QTY": "172",
        "UNIT_OF_MEASURE": "EA",
        "STD_PACK_UOM": "EA",
        "CONTAINER_ID": { "-xml:space": "preserve" },
        "SERIAL_ID": "NONE",
        "INV_LOT_ID": "NONE",
        "LATEST_UPDATE_DATE": "1900-01-01T00:00:00+05:30",
        "L_S_CONTROLLED": { "-xml:space": "preserve" },
        "SERIAL_CONTROLLED": "N",
        "CONSIGNED_FLAG": "N",
        "STAGED_DATE": "1900-01-01 00:00:00",
        "COUNT_DIFF": "-9999",
        "COUNT_DIFF_PER": "-9999",
        "VALUE_DIFF": "-9999",
        "EXT_VALUE": "-9999",
        "LATEST_SYSQTY": "172",
        "COUNT0": "2,100000000002000032,,2,,N,2,0030513"
      },
      {
        "INV_ITEM_ID": "0030514",
        "DESCRIPTION": "BALLOON,3X15,SPRINTER,MX",
        "MFG_ITEM_ID": "SPR3015MX",
        "STORAGE_AREA": "WHSE",
        "STOR_LEVEL_1": "01",
        "STOR_LEVEL_2": "D",
        "STOR_LEVEL_3": "01",
        "STOR_LEVEL_4": "G",
        "STORAGE_LOCATION": "WHSE01D01G",
        "ITEM_PRICE": "250",
        "SYS_QTY": "232",
        "UNIT_OF_MEASURE": "EA",
        "STD_PACK_UOM": "EA",
        "CONTAINER_ID": { "-xml:space": "preserve" },
        "SERIAL_ID": "NONE",
        "INV_LOT_ID": "NONE",
        "LATEST_UPDATE_DATE": "1900-01-01T00:00:00+05:30",
        "L_S_CONTROLLED": { "-xml:space": "preserve" },
        "SERIAL_CONTROLLED": "N",
        "CONSIGNED_FLAG": "N",
        "STAGED_DATE": "1900-01-01 00:00:00",
        "COUNT_DIFF": "-9999",
        "COUNT_DIFF_PER": "-9999",
        "VALUE_DIFF": "-9999",
        "EXT_VALUE": "-9999",
        "LATEST_SYSQTY": "232",
        "COUNT0": "2,100000000002000033,,2,,N,2,0030514"
      }
    ]