[
      {
        "APP_ID": "6",
        "TRANSACTION_ID": "3",
        "KEY_1": "US001",
        "PO_ID": "0000000222",
        "LOCATION": "US001",
        "TRACKING_NO": { "-xml:space": "preserve" },
        "DOWNLOAD_DT_TIME": "2017-04-27T13:41:17+05:30",
        "CURRENT_EVENT": "1",
        "USERNAME": "client  c(C)",
        "UID": "C",
        "REPORT_DATA_8": { "-xml:space": "preserve" },
        "TRACKINGNO_POID_LOC": "  / 0000000222 / US001"
      },
      {
        "APP_ID": "6",
        "TRANSACTION_ID": "4",
        "KEY_1": "US001",
        "PO_ID": "0000000222",
        "LOCATION": "US001",
        "TRACKING_NO": { "-xml:space": "preserve" },
        "DOWNLOAD_DT_TIME": "2017-04-27T13:41:17+05:30",
        "CURRENT_EVENT": "1",
        "USERNAME": "client  c(C)",
        "UID": "C",
        "REPORT_DATA_8": { "-xml:space": "preserve" },
        "TRACKINGNO_POID_LOC": "  / 0000000222 / US001"
      },
      {
        "APP_ID": "6",
        "TRANSACTION_ID": "5",
        "KEY_1": "US001",
        "PO_ID": "0000000222",
        "LOCATION": "US001",
        "TRACKING_NO": { "-xml:space": "preserve" },
        "DOWNLOAD_DT_TIME": "2017-04-27T13:41:17+05:30",
        "CURRENT_EVENT": "1",
        "USERNAME": "client  c(C)",
        "UID": "C",
        "REPORT_DATA_8": { "-xml:space": "preserve" },
        "TRACKINGNO_POID_LOC": "  / 0000000222 / US001"
      }
]
