[
      {
        "SETCNTRLVALUE": "STKRM",
        "SETID": "SHARE",
        "LOCATION": "DERMATOLOG",
        "DESCR": "Dermatology",
        "ADDRESS1": "123 Anywhere Street",
        "TYPE": "P",
        "CHK_VALUE": "1",
        "ROWINDEX": "0",
        "CHK_ALLOCATED": "1",
        "PERFORM_ACTION": "0"
      },
      {
        "SETCNTRLVALUE": "STKRM",
        "SETID": "SHARE",
        "LOCATION": "EGV05",
        "DESCR": "EGV05 - Miami,  FL",
        "ADDRESS1": "4908 Creekwood Dr",
        "TYPE": "P",
        "CHK_VALUE": "1",
        "ROWINDEX": "1",
        "CHK_ALLOCATED": "1",
        "PERFORM_ACTION": "0"
      },
      {
        "SETCNTRLVALUE": "STKRM",
        "SETID": "SHARE",
        "LOCATION": "HEMATOLOGY",
        "DESCR": "Hematology",
        "ADDRESS1": "123 Anywhere Street",
        "TYPE": "P",
        "CHK_VALUE": "0",
        "ROWINDEX": "2",
        "CHK_ALLOCATED": "0",
        "PERFORM_ACTION": "0"
      },
      {
        "SETCNTRLVALUE": "STKRM",
        "SETID": "SHARE",
        "LOCATION": "ICUDESK",
        "DESCR": "Intensive Care Unit",
        "ADDRESS1": "123 Anywhere Street",
        "TYPE": "P",
        "CHK_VALUE": "0",
        "ROWINDEX": "3",
        "CHK_ALLOCATED": "0",
        "PERFORM_ACTION": "0"
      },
      {
        "SETCNTRLVALUE": "STKRM",
        "SETID": "SHARE",
        "LOCATION": "MEDSPEC",
        "DESCR": "MEDICAL SPECIALTIES",
        "ADDRESS1": "123 ANYWHERE STREET",
        "TYPE": "P",
        "CHK_VALUE": "0",
        "ROWINDEX": "4",
        "CHK_ALLOCATED": "0",
        "PERFORM_ACTION": "0"
      },
      {
        "SETCNTRLVALUE": "STKRM",
        "SETID": "SHARE",
        "LOCATION": "OBGYN",
        "DESCR": "OBGYN",
        "ADDRESS1": "123 Anywhere Street",
        "TYPE": "P",
        "CHK_VALUE": "0",
        "ROWINDEX": "5",
        "CHK_ALLOCATED": "0",
        "PERFORM_ACTION": "0"
      },
      {
        "SETCNTRLVALUE": "STKRM",
        "SETID": "SHARE",
        "LOCATION": "ORROOM1",
        "DESCR": "OR Room1",
        "ADDRESS1": "123 Anywhere Street",
        "TYPE": "P",
        "CHK_VALUE": "0",
        "ROWINDEX": "6",
        "CHK_ALLOCATED": "0",
        "PERFORM_ACTION": "0"
      },
      {
        "SETCNTRLVALUE": "STKRM",
        "SETID": "SHARE",
        "LOCATION": "ORROOM2",
        "DESCR": "OR Room 2",
        "ADDRESS1": "123 Anywhere Street",
        "TYPE": "P",
        "CHK_VALUE": "0",
        "ROWINDEX": "7",
        "CHK_ALLOCATED": "0",
        "PERFORM_ACTION": "0"
      },
      {
        "SETCNTRLVALUE": "STKRM",
        "SETID": "SHARE",
        "LOCATION": "PL2DERM",
        "DESCR": "Dermatology Stock Cart",
        "ADDRESS1": "123 Anywhere Drive",
        "TYPE": "P",
        "CHK_VALUE": "0",
        "ROWINDEX": "8",
        "CHK_ALLOCATED": "0",
        "PERFORM_ACTION": "0"
      },
      {
        "SETCNTRLVALUE": "STKRM",
        "SETID": "SHARE",
        "LOCATION": "PL2HEMATOL",
        "DESCR": "Hematology Stock Cart",
        "ADDRESS1": "123 Anywhere Drive",
        "TYPE": "P",
        "CHK_VALUE": "0",
        "ROWINDEX": "9",
        "CHK_ALLOCATED": "0",
        "PERFORM_ACTION": "0"
      },
      {
        "SETCNTRLVALUE": "STKRM",
        "SETID": "SHARE",
        "LOCATION": "PL2ICUSTK",
        "DESCR": "ICU STOCK CART",
        "ADDRESS1": "123 ANYWHERE STREET",
        "TYPE": "P",
        "CHK_VALUE": "1",
        "ROWINDEX": "10",
        "CHK_ALLOCATED": "1",
        "PERFORM_ACTION": "0"
      },
      {
        "SETCNTRLVALUE": "STKRM",
        "SETID": "SHARE",
        "LOCATION": "PL2ICUSTK2",
        "DESCR": "ICU STOCK CART 2",
        "ADDRESS1": "123 ANYWHERE STREET",
        "TYPE": "P",
        "CHK_VALUE": "1",
        "ROWINDEX": "11",
        "CHK_ALLOCATED": "1",
        "PERFORM_ACTION": "0"
      },
      {
        "SETCNTRLVALUE": "STKRM",
        "SETID": "SHARE",
        "LOCATION": "PLDERM",
        "DESCR": "Dermatology Stock Cart",
        "ADDRESS1": "123 Anywhere Street",
        "TYPE": "P",
        "CHK_VALUE": "0",
        "ROWINDEX": "12",
        "CHK_ALLOCATED": "0",
        "PERFORM_ACTION": "0"
      },
      {
        "SETCNTRLVALUE": "STKRM",
        "SETID": "SHARE",
        "LOCATION": "PLHEMSTK",
        "DESCR": "Hematology Stock Cart",
        "ADDRESS1": "123 Anywhere Street",
        "TYPE": "P",
        "CHK_VALUE": "0",
        "ROWINDEX": "13",
        "CHK_ALLOCATED": "0",
        "PERFORM_ACTION": "0"
      },
      {
        "SETCNTRLVALUE": "STKRM",
        "SETID": "SHARE",
        "LOCATION": "PLICN",
        "DESCR": "ICN PAR LEVEL",
        "ADDRESS1": "123 ANYWHERE STREET",
        "TYPE": "P",
        "CHK_VALUE": "0",
        "ROWINDEX": "14",
        "CHK_ALLOCATED": "0",
        "PERFORM_ACTION": "0"
      },
      {
        "SETCNTRLVALUE": "STKRM",
        "SETID": "SHARE",
        "LOCATION": "PLICU",
        "DESCR": "ICU PAR LEVEL",
        "ADDRESS1": "123 Anywhere Street",
        "TYPE": "P",
        "CHK_VALUE": "0",
        "ROWINDEX": "15",
        "CHK_ALLOCATED": "0",
        "PERFORM_ACTION": "0"
      },
      {
        "SETCNTRLVALUE": "STKRM",
        "SETID": "SHARE",
        "LOCATION": "PLICUSTK",
        "DESCR": "ICU Stock Par Level",
        "ADDRESS1": "123 Anywhere Street",
        "TYPE": "P",
        "CHK_VALUE": "0",
        "ROWINDEX": "16",
        "CHK_ALLOCATED": "0",
        "PERFORM_ACTION": "0"
      },
      {
        "SETCNTRLVALUE": "STKRM",
        "SETID": "SHARE",
        "LOCATION": "PLICUSTK2",
        "DESCR": "ICU Stock Cart 2",
        "ADDRESS1": "123 Anywhere Street",
        "TYPE": "P",
        "CHK_VALUE": "0",
        "ROWINDEX": "17",
        "CHK_ALLOCATED": "0",
        "PERFORM_ACTION": "0"
      },
      {
        "SETCNTRLVALUE": "STKRM",
        "SETID": "SHARE",
        "LOCATION": "PLICUSTK3",
        "DESCR": "ICU Stock Cart 3",
        "ADDRESS1": "123 Anywhere Street",
        "TYPE": "P",
        "CHK_VALUE": "0",
        "ROWINDEX": "18",
        "CHK_ALLOCATED": "0",
        "PERFORM_ACTION": "0"
      },
      {
        "SETCNTRLVALUE": "STKRM",
        "SETID": "SHARE",
        "LOCATION": "PLMEDSPEC",
        "DESCR": "MEDICAL SPECIALTIES",
        "ADDRESS1": "123 ANYWHERE STREET",
        "TYPE": "P",
        "CHK_VALUE": "0",
        "ROWINDEX": "19",
        "CHK_ALLOCATED": "0",
        "PERFORM_ACTION": "0"
      },
      {
        "SETCNTRLVALUE": "STKRM",
        "SETID": "SHARE",
        "LOCATION": "PLOBGYN",
        "DESCR": "OBGYN Par Level",
        "ADDRESS1": "123 Anywhere Street",
        "TYPE": "P",
        "CHK_VALUE": "0",
        "ROWINDEX": "20",
        "CHK_ALLOCATED": "0",
        "PERFORM_ACTION": "0"
      },
      {
        "SETCNTRLVALUE": "STKRM",
        "SETID": "SHARE",
        "LOCATION": "PLOBGYN2",
        "DESCR": "OBGYN Stock Cart 2",
        "ADDRESS1": "123 Anywhere Street",
        "TYPE": "P",
        "CHK_VALUE": "0",
        "ROWINDEX": "21",
        "CHK_ALLOCATED": "0",
        "PERFORM_ACTION": "0"
      },
      {
        "SETCNTRLVALUE": "STKRM",
        "SETID": "SHARE",
        "LOCATION": "PLOBGYN3",
        "DESCR": "OBGYN Stock Cart 3",
        "ADDRESS1": "123 Anywhere Street",
        "TYPE": "P",
        "CHK_VALUE": "0",
        "ROWINDEX": "22",
        "CHK_ALLOCATED": "0",
        "PERFORM_ACTION": "0"
      },
      {
        "SETCNTRLVALUE": "STKRM",
        "SETID": "SHARE",
        "LOCATION": "PLOR1",
        "DESCR": "OR Stock Cart 1",
        "ADDRESS1": "123 Anywhere Street",
        "TYPE": "P",
        "CHK_VALUE": "0",
        "ROWINDEX": "23",
        "CHK_ALLOCATED": "0",
        "PERFORM_ACTION": "0"
      },
      {
        "SETCNTRLVALUE": "STKRM",
        "SETID": "SHARE",
        "LOCATION": "PLOR2",
        "DESCR": "OR Stock Cart 2",
        "ADDRESS1": "123 Anywhere Street",
        "TYPE": "P",
        "CHK_VALUE": "0",
        "ROWINDEX": "24",
        "CHK_ALLOCATED": "0",
        "PERFORM_ACTION": "0"
      },
      {
        "SETCNTRLVALUE": "STKRM",
        "SETID": "SHARE",
        "LOCATION": "PLORTHO",
        "DESCR": "ORTHOPEDICS CART",
        "ADDRESS1": "123 ANYWHERE ST",
        "TYPE": "P",
        "CHK_VALUE": "0",
        "ROWINDEX": "25",
        "CHK_ALLOCATED": "0",
        "PERFORM_ACTION": "0"
      },
      {
        "SETCNTRLVALUE": "STKRM",
        "SETID": "SHARE",
        "LOCATION": "PLORTHO1",
        "DESCR": "ORTHOPEDICS CART 2",
        "ADDRESS1": "123 ANYWHERE ST",
        "TYPE": "P",
        "CHK_VALUE": "0",
        "ROWINDEX": "26",
        "CHK_ALLOCATED": "0",
        "PERFORM_ACTION": "0"
      },
      {
        "SETCNTRLVALUE": "STKRM",
        "SETID": "SHARE",
        "LOCATION": "PLORTHO2",
        "DESCR": "ORTHOPEDICS CART",
        "ADDRESS1": "123 Anywhere Street",
        "TYPE": "P",
        "CHK_VALUE": "0",
        "ROWINDEX": "27",
        "CHK_ALLOCATED": "0",
        "PERFORM_ACTION": "0"
      },
      {
        "SETCNTRLVALUE": "STKRM",
        "SETID": "SHARE",
        "LOCATION": "STKRM",
        "DESCR": "Hospital Stockroom",
        "ADDRESS1": "123 Anywhere Street",
        "TYPE": "I",
        "CHK_VALUE": "0",
        "ROWINDEX": "28",
        "CHK_ALLOCATED": "0",
        "PERFORM_ACTION": "0"
      },
      {
        "SETCNTRLVALUE": "STKRM",
        "SETID": "SHARE",
        "LOCATION": "STKRM",
        "DESCR": "Hospital Stockroom",
        "ADDRESS1": "123 Anywhere Street",
        "TYPE": "P",
        "CHK_VALUE": "0",
        "ROWINDEX": "29",
        "CHK_ALLOCATED": "0",
        "PERFORM_ACTION": "0"
      },
      {
        "SETCNTRLVALUE": "STKRM",
        "SETID": "SHARE",
        "LOCATION": "US001",
        "DESCR": "USA - N'ew York",
        "ADDRESS1": "144 North Street",
        "TYPE": "P",
        "CHK_VALUE": "0",
        "ROWINDEX": "30",
        "CHK_ALLOCATED": "0",
        "PERFORM_ACTION": "0"
      },
      {
        "SETCNTRLVALUE": "STKRM",
        "SETID": "SHARE",
        "LOCATION": "WHSE",
        "DESCR": "Hospital Warehouse",
        "ADDRESS1": "123 Anywhere Street",
        "TYPE": "P",
        "CHK_VALUE": "0",
        "ROWINDEX": "31",
        "CHK_ALLOCATED": "0",
        "PERFORM_ACTION": "0"
      }
]
