 [
      {
        "APP_ID": "5",
        "TRANSACTION_ID": "1",
        "BUSINESS_UNIT": "US008",
        "ID": "DPMSR02208-15",
        "DOWNLOAD_DT_TIME": "2017-05-03T13:01:50+05:30",
        "USERNAME": "client  c(C)",
        "UID": "C",
        "DESCR": "US008"
      },
      {
        "APP_ID": "5",
        "TRANSACTION_ID": "2",
        "BUSINESS_UNIT": "US008",
        "ID": "MSR0000072-16",
        "DOWNLOAD_DT_TIME": "2017-05-03T13:02:26+05:30",
        "USERNAME": "client  c(C)",
        "UID": "C",
        "DESCR": "US010"
      },
      {
        "APP_ID": "5",
        "TRANSACTION_ID": "3",
        "BUSINESS_UNIT": "US008",
        "ID": "DPMSR02135-15",
        "DOWNLOAD_DT_TIME": "2017-05-03T13:05:04+05:30",
        "USERNAME": "client  c(C)",
        "UID": "C",
        "DESCR": "US008"
      },
      {
        "APP_ID": "5",
        "TRANSACTION_ID": "4",
        "BUSINESS_UNIT": "US008",
        "ID": "DPMSR02207-15",
        "DOWNLOAD_DT_TIME": "2017-05-03T13:05:06+05:30",
        "USERNAME": "client  c(C)",
        "UID": "C",
        "DESCR": "US008"
      }
    ]
