[
      {
        "INDEX": "0",
        "ITEM_ID": "000000000000030001",
        "ITEM_DESCRIPTION": "Glove Exam",
        "PAR_VALUE": "0-HUN",
        "ITEM_TYPE": "01",
        "ITEM_PRICE": "8.75",
        "CRITICAL_ITEM": "N",
        "LOT_CONTROLLED": "N",
        "SERIAL_CONTROLLED": "N",
        "BUSINESS_UNIT": "US015",
        "LOCATION": "DEL-1",
        "Allocated_Department":"ADID",
        "Par_UOM":"EA",
        "ISSUE_UOM":"BX",
        "Conversion_Rate":"2",
        "LOCATION_DESCR": "Labor/Delivery",
        "DEPT_ID": "dept1",
        "ASSIGN_CART": "Y",
        "ACT_ASSIGN_CART": "Y",
        "LOCATION_TYPE": "P",
        "LOT": "False",
        "SERIAL": "False",
        "LOT_SERIAL_DISABLE": "N",
        "CART_INVENTORY_ITEM": "N"
      },
      {
        "INDEX": "1",
        "ITEM_ID": "000000000000030002",
        "ITEM_DESCRIPTION": "Glove Exam",
        "PAR_VALUE": "0-HUN",
        "ITEM_TYPE": "01",
        "ITEM_PRICE": "8.75",
        "CRITICAL_ITEM": "N",
        "LOT_CONTROLLED": "N",
        "SERIAL_CONTROLLED": "N",
        "BUSINESS_UNIT": "US015",
        "LOCATION": "DEL-1",
        "Allocated_Department":"ADID",
        "Par_UOM":"EA",
        "ISSUE_UOM":"BX",
        "Conversion_Rate":"2",
        "LOCATION_DESCR": "Labor/Delivery",
        "DEPT_ID": "dept1",
        "ASSIGN_CART": "Y",
        "ACT_ASSIGN_CART": "Y",
        "LOCATION_TYPE": "P",
        "LOT": "False",
        "SERIAL": "False",
        "LOT_SERIAL_DISABLE": "N",
        "CART_INVENTORY_ITEM": "N"
      },
      {
        "INDEX": "2",
        "ITEM_ID": "000000000000030007",
        "ITEM_DESCRIPTION": "Glove, Exa",
        "PAR_VALUE": "0-HUN",
        "ITEM_TYPE": "01",
        "ITEM_PRICE": "8.75",
        "CRITICAL_ITEM": "N",
        "LOT_CONTROLLED": "N",
        "SERIAL_CONTROLLED": "N",
        "BUSINESS_UNIT": "US015",
        "LOCATION": "DEL-1",
        "Allocated_Department":"ADID",
        "Par_UOM":"EA",
        "ISSUE_UOM":"BX",
        "Conversion_Rate":"2",
        "LOCATION_DESCR": "Labor/Delivery",
        "DEPT_ID": "dept1",
        "ASSIGN_CART": "Y",
        "ACT_ASSIGN_CART": "Y",
        "LOCATION_TYPE": "P",
        "LOT": "False",
        "SERIAL": "False",
        "LOT_SERIAL_DISABLE": "N",
        "CART_INVENTORY_ITEM": "N"
      },
      {
        "INDEX": "3",
        "ITEM_ID": "000000000000030022",
        "ITEM_DESCRIPTION": "Thermomete",
        "PAR_VALUE": "1-EA",
        "ITEM_TYPE": "02",
        "ITEM_PRICE": "15.67",
        "CRITICAL_ITEM": "N",
        "LOT_CONTROLLED": "N",
        "SERIAL_CONTROLLED": "N",
        "BUSINESS_UNIT": "US015",
        "LOCATION": "DEL-1",
        "Allocated_Department":"ADID",
        "Par_UOM":"EA",
        "ISSUE_UOM":"BX",
        "Conversion_Rate":"2",
        "LOCATION_DESCR": "Labor/Delivery",
        "DEPT_ID": "dept1",
        "ASSIGN_CART": "Y",
        "ACT_ASSIGN_CART": "Y",
        "LOCATION_TYPE": "P",
        "LOT": "False",
        "SERIAL": "False",
        "LOT_SERIAL_DISABLE": "N",
        "CART_INVENTORY_ITEM": "N"
      },
      {
        "INDEX": "4",
        "ITEM_ID": "000000000000030032",
        "ITEM_DESCRIPTION": "ID Band Mo",
        "PAR_VALUE": "9990-HUN",
        "ITEM_TYPE": "03",
        "ITEM_PRICE": "18.75",
        "CRITICAL_ITEM": "N",
        "LOT_CONTROLLED": "N",
        "SERIAL_CONTROLLED": "N",
        "BUSINESS_UNIT": "US015",
        "LOCATION": "DEL-1",
        "Allocated_Department":"ADID",
        "Par_UOM":"EA",
        "ISSUE_UOM":"BX",
        "Conversion_Rate":"2",
        "LOCATION_DESCR": "Labor/Delivery",
        "DEPT_ID": "dept1",
        "ASSIGN_CART": "Y",
        "ACT_ASSIGN_CART": "Y",
        "LOCATION_TYPE": "P",
        "LOT": "False",
        "SERIAL": "False",
        "LOT_SERIAL_DISABLE": "N",
        "CART_INVENTORY_ITEM": "N"
      },
      {
        "INDEX": "5",
        "ITEM_ID": "000000000000030036",
        "ITEM_DESCRIPTION": "Table Exam",
        "PAR_VALUE": "0-EA",
        "ITEM_TYPE": "01",
        "ITEM_PRICE": "549",
        "CRITICAL_ITEM": "N",
        "LOT_CONTROLLED": "N",
        "SERIAL_CONTROLLED": "N",
        "BUSINESS_UNIT": "US015",
        "LOCATION": "DEL-1",
        "Allocated_Department":"ADID",
        "Par_UOM":"EA",
        "ISSUE_UOM":"BX",
        "Conversion_Rate":"2",
        "LOCATION_DESCR": "Labor/Delivery",
        "DEPT_ID": "dept1",
        "ASSIGN_CART": "Y",
        "ACT_ASSIGN_CART": "Y",
        "LOCATION_TYPE": "P",
        "LOT": "False",
        "SERIAL": "False",
        "LOT_SERIAL_DISABLE": "N",
        "CART_INVENTORY_ITEM": "N"
      },
      {
        "INDEX": "6",
        "ITEM_ID": "000000000000030037",
        "ITEM_DESCRIPTION": "Bed, Hospi",
        "PAR_VALUE": "0-EA",
        "ITEM_TYPE": "01",
        "ITEM_PRICE": "1587",
        "CRITICAL_ITEM": "N",
        "LOT_CONTROLLED": "N",
        "SERIAL_CONTROLLED": "N",
        "BUSINESS_UNIT": "US015",        
        "LOCATION": "DEL-1",
        "Allocated_Department":"ADID",
        "Par_UOM":"EA",
        "ISSUE_UOM":"BX",
        "Conversion_Rate":"2",
        "LOCATION_DESCR": "Labor/Delivery",
        "DEPT_ID": "dept1",
        "ASSIGN_CART": "Y",
        "ACT_ASSIGN_CART": "Y",
        "LOCATION_TYPE": "P",
        "LOT": "False",
        "SERIAL": "False",
        "LOT_SERIAL_DISABLE": "N",
        "CART_INVENTORY_ITEM": "N"
      }
]
