[
      {
        "TRANSACTION_ID": "48",
        "PATIENT_NAME": "5020139131 / Jacob Mathews",
        "PATIENT_ID": "5020139131",
        "CAPTURE_DATE_TIME": "05/01/2017",
        "USER_ID": "client  c (C)",
        "ACCOUNT_ID": "5020139131",
        "REVIEWED": "false",
        "DEPARTMENT_ID": "11000"
      },
      {
        "TRANSACTION_ID": "49",
        "PATIENT_NAME": "5020139131 / Jacob Mathews",
        "PATIENT_ID": "5020139131",
        "CAPTURE_DATE_TIME": "05/01/2017",
        "USER_ID": "client  c (C)",
        "ACCOUNT_ID": "5020139131",
        "REVIEWED": "false",
        "DEPARTMENT_ID": "11000"
      },
      {
        "TRANSACTION_ID": "50",
        "PATIENT_NAME": "5020139132 / Emily Perkin",
        "PATIENT_ID": "5020139132",
        "CAPTURE_DATE_TIME": "05/01/2017",
        "USER_ID": "client  c (C)",
        "ACCOUNT_ID": "5020139132",
        "REVIEWED": "false",
        "DEPARTMENT_ID": "11000"
      },
      {
        "TRANSACTION_ID": "51",
        "PATIENT_NAME": "5020139131 / Jacob Mathews",
        "PATIENT_ID": "5020139131",
        "CAPTURE_DATE_TIME": "05/01/2017",
        "USER_ID": "client  c (C)",
        "ACCOUNT_ID": "5020139131",
        "REVIEWED": "false",
        "DEPARTMENT_ID": "11000"
      },
      {
        "TRANSACTION_ID": "76",
        "PATIENT_NAME": "5020139131 / Jacob Mathews",
        "PATIENT_ID": "5020139131",
        "CAPTURE_DATE_TIME": "05/01/2017",
        "USER_ID": "client  c (C)",
        "ACCOUNT_ID": "5020139131",
        "REVIEWED": "false",
        "DEPARTMENT_ID": "11000"
      },
      {
        "TRANSACTION_ID": "77",
        "PATIENT_NAME": "5020139131 / Jacob Mathews",
        "PATIENT_ID": "5020139131",
        "CAPTURE_DATE_TIME": "05/01/2017",
        "USER_ID": "client  c (C)",
        "ACCOUNT_ID": "5020139131",
        "REVIEWED": "false",
        "DEPARTMENT_ID": "11000"
      }
    ]