[
      {
        "CASE_ID": "caseqa_1",
        "PERFORM_DATE": "2017-05-01T00:00:00+05:30",
        "PROCEDURE_CODE": "proc1",
        "PREF_LIST_ID": "pref1",
        "PHYSICIAN": "phy1",
        "PATIENT_ID": "p01",
        "EMERGENCY_CASE": "Y",
        "STATUS": "PARTIALLY PICKED",
        "CHECKED": "False",
        "PHYSICIAN_NAME": "phy1 - phy1 phy1 phy1",
        "PROCEDURENAME": "proc1 - proc1",
        "PREFERENCENAME": "pref1 - pref1",
        "PATIENTNAME": "p01",
        "DEPT_ID": "11000",
        "DEPTNAME": "11000 - dept",
        "SERVICE_CODE": "spec1",
        "SERVICENAME": "spec1 - spec1"
      },
      {
        "CASE_ID": "caseqa_2",
        "PERFORM_DATE": "2017-05-01T00:00:00+05:30",
        "PROCEDURE_CODE": "proc1",
        "PREF_LIST_ID": "pref1",
        "PHYSICIAN": "phy1",
        "PATIENT_ID": "p01",
        "EMERGENCY_CASE": "Y",
        "STATUS": "PARTIALLY PICKED",
        "CHECKED": "False",
        "PHYSICIAN_NAME": "phy1 - phy1 phy1 phy1",
        "PROCEDURENAME": "proc1 - proc1",
        "PREFERENCENAME": "pref1 - pref1",
        "PATIENTNAME": "p01",
        "DEPT_ID": "11000",
        "DEPTNAME": "11000 - dept",
        "SERVICE_CODE": "spec1",
        "SERVICENAME": "spec1 - spec1"
      },
      {
        "CASE_ID": "caseqa_3",
        "PERFORM_DATE": "2017-05-01T00:00:00+05:30",
        "PROCEDURE_CODE": "proc1",
        "PREF_LIST_ID": "pref1",
        "PHYSICIAN": "phy1",
        "PATIENT_ID": "p01",
        "EMERGENCY_CASE": "Y",
        "STATUS": "PARTIALLY PICKED",
        "CHECKED": "False",
        "PHYSICIAN_NAME": "phy1 - phy1 phy1 phy1",
        "PROCEDURENAME": "proc1 - proc1",
        "PREFERENCENAME": "pref1 - pref1",
        "PATIENTNAME": "p01",
        "DEPT_ID": "11000",
        "DEPTNAME": "11000 - dept",
        "SERVICE_CODE": "spec1",
        "SERVICENAME": "spec1 - spec1"
      },
      {
        "CASE_ID": "caseqa_4",
        "PERFORM_DATE": "2017-05-01T00:00:00+05:30",
        "PROCEDURE_CODE": "proc1",
        "PREF_LIST_ID": "pref1",
        "PHYSICIAN": "phy1",
        "PATIENT_ID": "p01",
        "EMERGENCY_CASE": "Y",
        "STATUS": "PARTIALLY PICKED",
        "CHECKED": "False",
        "PHYSICIAN_NAME": "phy1 - phy1 phy1 phy1",
        "PROCEDURENAME": "proc1 - proc1",
        "PREFERENCENAME": "pref1 - pref1",
        "PATIENTNAME": "p01",
        "DEPT_ID": "11000",
        "DEPTNAME": "11000 - dept",
        "SERVICE_CODE": "spec1",
        "SERVICENAME": "spec1 - spec1"
      },
      {
        "CASE_ID": "mycase",
        "PERFORM_DATE": "2017-05-01T00:00:00+05:30",
        "PROCEDURE_CODE": "proc2",
        "PREF_LIST_ID": "pref2",
        "PHYSICIAN": "phy2",
        "PATIENT_ID": "p02",
        "EMERGENCY_CASE": "Y",
        "STATUS": "REVIEWED",
        "CHECKED": "False",
        "PHYSICIAN_NAME": "phy2 - phy2 phy2 phy2",
        "PROCEDURENAME": "proc2 - proc2",
        "PREFERENCENAME": "pref2 - pref2",
        "PATIENTNAME": "p02",
        "DEPT_ID": "11000",
        "DEPTNAME": "11000 - dept",
        "SERVICE_CODE": "spec2",
        "SERVICENAME": "spec2 - spec2"
      },
      {
        "CASE_ID": "mycase1",
        "PERFORM_DATE": "2017-05-01T00:00:00+05:30",
        "PROCEDURE_CODE": "proc1",
        "PREF_LIST_ID": "pref1",
        "PHYSICIAN": "phy1",
        "PATIENT_ID": "p01",
        "EMERGENCY_CASE": "Y",
        "STATUS": "READY",
        "CHECKED": "False",
        "PHYSICIAN_NAME": "phy1 - phy1 phy1 phy1",
        "PROCEDURENAME": "proc1 - proc1",
        "PREFERENCENAME": "pref1 - pref1",
        "PATIENTNAME": "p01",
        "DEPT_ID": "11000",
        "DEPTNAME": "11000 - dept",
        "SERVICE_CODE": "spec1",
        "SERVICENAME": "spec1 - spec1"
      },
      {
        "CASE_ID": "mycase2",
        "PERFORM_DATE": "2017-05-01T00:00:00+05:30",
        "PROCEDURE_CODE": "proc1",
        "PREF_LIST_ID": "pref1",
        "PHYSICIAN": "phy1",
        "PATIENT_ID": "p02",
        "EMERGENCY_CASE": "Y",
        "STATUS": "READY",
        "CHECKED": "False",
        "PHYSICIAN_NAME": "phy1 - phy1 phy1 phy1",
        "PROCEDURENAME": "proc1 - proc1",
        "PREFERENCENAME": "pref1 - pref1",
        "PATIENTNAME": "p02",
        "DEPT_ID": "11000",
        "DEPTNAME": "11000 - dept",
        "SERVICE_CODE": "spec1",
        "SERVICENAME": "spec1 - spec1"
      },
      {
        "CASE_ID": "mycase3",
        "PERFORM_DATE": "2017-05-01T00:00:00+05:30",
        "PROCEDURE_CODE": "proc1",
        "PREF_LIST_ID": "pref1",
        "PHYSICIAN": "phy1",
        "PATIENT_ID": "p02",
        "EMERGENCY_CASE": "Y",
        "STATUS": "REVIEWED",
        "CHECKED": "False",
        "PHYSICIAN_NAME": "phy1 - phy1 phy1 phy1",
        "PROCEDURENAME": "proc1 - proc1",
        "PREFERENCENAME": "pref1 - pref1",
        "PATIENTNAME": "p02",
        "DEPT_ID": "11000",
        "DEPTNAME": "11000 - dept",
        "SERVICE_CODE": "spec1",
        "SERVICENAME": "spec1 - spec1"
      },
      {
        "CASE_ID": "mycase4",
        "PERFORM_DATE": "2017-05-01T00:00:00+05:30",
        "PROCEDURE_CODE": "proc2",
        "PREF_LIST_ID": "pref2",
        "PHYSICIAN": "phy2",
        "PATIENT_ID": "p04",
        "EMERGENCY_CASE": "Y",
        "STATUS": "REVIEWED",
        "CHECKED": "False",
        "PHYSICIAN_NAME": "phy2 - phy2 phy2 phy2",
        "PROCEDURENAME": "proc2 - proc2",
        "PREFERENCENAME": "pref2 - pref2",
        "PATIENTNAME": "p04",
        "DEPT_ID": "11000",
        "DEPTNAME": "11000 - dept",
        "SERVICE_CODE": "spec2",
        "SERVICENAME": "spec2 - spec2"
      },
      {
        "CASE_ID": "mycase5",
        "PERFORM_DATE": "2017-05-01T00:00:00+05:30",
        "PROCEDURE_CODE": "proc2",
        "PREF_LIST_ID": "pref2",
        "PHYSICIAN": "phy2",
        "PATIENT_ID": "p05",
        "EMERGENCY_CASE": "Y",
        "STATUS": "REVIEWED",
        "CHECKED": "False",
        "PHYSICIAN_NAME": "phy2 - phy2 phy2 phy2",
        "PROCEDURENAME": "proc2 - proc2",
        "PREFERENCENAME": "pref2 - pref2",
        "PATIENTNAME": "p05",
        "DEPT_ID": "11000",
        "DEPTNAME": "11000 - dept",
        "SERVICE_CODE": "spec2",
        "SERVICENAME": "spec2 - spec2"
      },
      {
        "CASE_ID": "postpick_qa_Case",
        "PERFORM_DATE": "2017-05-08T00:00:00+05:30",
        "PROCEDURE_CODE": "proc1",
        "PREF_LIST_ID": "pref1",
        "PHYSICIAN": "phy1",
        "PATIENT_ID": "p01",
        "EMERGENCY_CASE": "Y",
        "STATUS": "READY",
        "CHECKED": "False",
        "PHYSICIAN_NAME": "phy1 - phy1 phy1 phy1",
        "PROCEDURENAME": "proc1 - proc1",
        "PREFERENCENAME": "pref1 - pref1",
        "PATIENTNAME": "p01",
        "DEPT_ID": "11000",
        "DEPTNAME": "11000 - dept",
        "SERVICE_CODE": "spec1",
        "SERVICENAME": "spec1 - spec1"
      }
    ]