[
      {
        "COST_CENTER_CODE": "costcenter",
        "PAR_LOC_ID": "par1",
        "LOCATION_NAME": "parLocation1",
        "BUSINESS_UNIT": "US015",
        "CART_TYPE": "01",
        "POU_CART": "Y",
        "PARLOC_TYPE": "2",
        "PERPECTUAL_IN_MMIS": "false"
      },
      {
        "COST_CENTER_CODE": "costcenter",
        "PAR_LOC_ID": "par2",
        "LOCATION_NAME": "Parlocation2",
        "BUSINESS_UNIT": "US015",
        "CART_TYPE": "01",
        "POU_CART": "Y",
        "PARLOC_TYPE": "2",
        "PERPECTUAL_IN_MMIS": "false"
      },
      {
        "COST_CENTER_CODE": "costcenter",
        "PAR_LOC_ID": "parloc1",
        "BUSINESS_UNIT": "AUS01",
        "CART_TYPE": "01",
        "POU_CART": "Y",
        "PARLOC_TYPE": "1",
        "PERPECTUAL_IN_MMIS": "false"
      },
      {
        "COST_CENTER_CODE": "costcenter",
        "PAR_LOC_ID": "parloc2",
        "BUSINESS_UNIT": "US015",
        "CART_TYPE": "01",
        "POU_CART": "Y",
        "PARLOC_TYPE": "1",
        "PERPECTUAL_IN_MMIS": "false"
      },
      {
        "COST_CENTER_CODE": "costcenter",
        "PAR_LOC_ID": "parloc3",
        "LOCATION_NAME": "parlocation3",
        "BUSINESS_UNIT": "AUS01",
        "CART_TYPE": "01",
        "POU_CART": "Y",
        "PARLOC_TYPE": "2",
        "PERPECTUAL_IN_MMIS": "false"
      }
]
