[
      {
        "ORDER_NO": "2",
        "VENDOR_ID": "0000000001-",
        "ORDER_DATE": "2017-05-01T14:09:49+05:30",
        "ORG_ID": "US015",
        "PAR_LOC_ID": "COR-1",
        "DEPARTMENT_ID": "11000"
      },
      {
        "ORDER_NO": "3",
        "VENDOR_ID": "0000000002-",
        "ORDER_DATE": "2017-05-01T14:09:49+05:30",
        "ORG_ID": "US015",
        "PAR_LOC_ID": "COR-1",
        "DEPARTMENT_ID": "11000"
      },
      {
        "ORDER_NO": "4",
        "VENDOR_ID": "SCM0000011-",
        "ORDER_DATE": "2017-05-01T14:09:49+05:30",
        "ORG_ID": "US015",
        "PAR_LOC_ID": "COR-1",
        "DEPARTMENT_ID": "11000"
      },
      {
        "ORDER_NO": "5",
        "VENDOR_ID": "US015",
        "ORDER_DATE": "2017-05-01T14:09:49+05:30",
        "ORG_ID": "US015",
        "PAR_LOC_ID": "COR-1",
        "DEPARTMENT_ID": "11000"
      },
      {
        "ORDER_NO": "6",
        "VENDOR_ID": "0000000001-",
        "ORDER_DATE": "2017-05-01T14:10:08+05:30",
        "ORG_ID": "US015",
        "PAR_LOC_ID": "COR-1",
        "DEPARTMENT_ID": "11000"
      },
      {
        "ORDER_NO": "7",
        "VENDOR_ID": "0000000002-",
        "ORDER_DATE": "2017-05-01T14:10:08+05:30",
        "ORG_ID": "US015",
        "PAR_LOC_ID": "COR-1",
        "DEPARTMENT_ID": "11000"
      },
      {
        "ORDER_NO": "8",
        "VENDOR_ID": "SCM0000011-",
        "ORDER_DATE": "2017-05-01T14:10:08+05:30",
        "ORG_ID": "US015",
        "PAR_LOC_ID": "COR-1",
        "DEPARTMENT_ID": "11000"
      },
      {
        "ORDER_NO": "9",
        "VENDOR_ID": "US015",
        "ORDER_DATE": "2017-05-01T14:10:08+05:30",
        "ORG_ID": "US015",
        "PAR_LOC_ID": "COR-1",
        "DEPARTMENT_ID": "11000"
      },
      {
        "ORDER_NO": "10",
        "VENDOR_ID": "0000000001-",
        "ORDER_DATE": "2017-05-01T14:11:12+05:30",
        "ORG_ID": "US015",
        "PAR_LOC_ID": "COR-1",
        "DEPARTMENT_ID": "11000"
      },
      {
        "ORDER_NO": "11",
        "VENDOR_ID": "0000000002-",
        "ORDER_DATE": "2017-05-01T14:11:12+05:30",
        "ORG_ID": "US015",
        "PAR_LOC_ID": "COR-1",
        "DEPARTMENT_ID": "11000"
      },
      {
        "ORDER_NO": "12",
        "VENDOR_ID": "SCM0000011-",
        "ORDER_DATE": "2017-05-01T14:11:12+05:30",
        "ORG_ID": "US015",
        "PAR_LOC_ID": "COR-1",
        "DEPARTMENT_ID": "11000"
      },
      {
        "ORDER_NO": "13",
        "VENDOR_ID": "US015",
        "ORDER_DATE": "2017-05-01T14:11:12+05:30",
        "ORG_ID": "US015",
        "PAR_LOC_ID": "COR-1",
        "DEPARTMENT_ID": "11000"
      }
    ]
