[
      {
        "CASE_ID": "caseqa_1",
        "PREF_LIST_ID": "pref1",
        "PROCEDURE_CODE": "proc1",
        "ITEM_ID": "000000000000030001",
        "ITEM_DESCR": "Glove Exam",
        "PICK_QTY": "78",
        "OLD_PICK_QTY": "78",
        "HOLD_QTY": "96",
        "OLD_HOLD_QTY": "96",
        "QTY": "1",
        "IS_NEWITEM": "N",
        "Barcode": "000000000000030001",
        "MANF_ITEM_ID": { "-xml:space": "preserve" },
        "TOTAL_QTY": "174",
        "SHORTAGE_QTY": "173",
        "ITEM": "000000000000030001",
        "CUST_ITEM_NO": "000000000000030001",
        "ITEM_STATUS": "Y",
        "CASE_STATUS": "3"
      },
      {
        "CASE_ID": "caseqa_1",
        "PREF_LIST_ID": "pref1",
        "PROCEDURE_CODE": "proc1",
        "ITEM_ID": "000000000000030007",
        "ITEM_DESCR": "Glove, Exa",
        "PICK_QTY": "78",
        "OLD_PICK_QTY": "78",
        "HOLD_QTY": "89",
        "OLD_HOLD_QTY": "89",
        "QTY": "1",
        "IS_NEWITEM": "N",
        "Barcode": "000000000000030007",
        "MANF_ITEM_ID": { "-xml:space": "preserve" },
        "TOTAL_QTY": "167",
        "SHORTAGE_QTY": "166",
        "ITEM": "000000000000030007",
        "CUST_ITEM_NO": "000000000000030007",
        "ITEM_STATUS": "Y",
        "CASE_STATUS": "3"
      },
      {
        "CASE_ID": "caseqa_1",
        "PREF_LIST_ID": "pref1",
        "PROCEDURE_CODE": "proc1",
        "ITEM_ID": "000000000000030028",
        "ITEM_DESCR": "Pillow Dis",
        "PICK_QTY": "78",
        "OLD_PICK_QTY": "78",
        "HOLD_QTY": "96",
        "OLD_HOLD_QTY": "96",
        "QTY": "1",
        "IS_NEWITEM": "N",
        "Barcode": "000000000000030028",
        "MANF_ITEM_ID": { "-xml:space": "preserve" },
        "TOTAL_QTY": "174",
        "SHORTAGE_QTY": "173",
        "ITEM": "000000000000030028",
        "CUST_ITEM_NO": "000000000000030028",
        "ITEM_STATUS": "Y",
        "CASE_STATUS": "3"
      },
      {
        "CASE_ID": "caseqa_1",
        "PREF_LIST_ID": "pref1",
        "PROCEDURE_CODE": "proc1",
        "ITEM_ID": "000000000000030036",
        "ITEM_DESCR": "Table Exam",
        "PICK_QTY": "78",
        "OLD_PICK_QTY": "78",
        "HOLD_QTY": "96",
        "OLD_HOLD_QTY": "96",
        "QTY": "1",
        "IS_NEWITEM": "N",
        "Barcode": "000000000000030036",
        "MANF_ITEM_ID": { "-xml:space": "preserve" },
        "TOTAL_QTY": "174",
        "SHORTAGE_QTY": "173",
        "ITEM": "000000000000030036",
        "CUST_ITEM_NO": "000000000000030036",
        "ITEM_STATUS": "Y",
        "CASE_STATUS": "3"
      },
      {
        "CASE_ID": "caseqa_1",
        "PREF_LIST_ID": "pref1",
        "PROCEDURE_CODE": "proc1",
        "ITEM_ID": "GL0000002",
        "ITEM_DESCR": "Gloves Exa",
        "PICK_QTY": "42",
        "OLD_PICK_QTY": "42",
        "HOLD_QTY": "5",
        "OLD_HOLD_QTY": "5",
        "QTY": "0",
        "IS_NEWITEM": "N",
        "Barcode": "GL0000002",
        "MANF_ITEM_ID": { "-xml:space": "preserve" },
        "TOTAL_QTY": "47",
        "SHORTAGE_QTY": "47",
        "ITEM": "GL0000002",
        "CUST_ITEM_NO": "GL0000002",
        "ITEM_STATUS": "Y",
        "CASE_STATUS": "1"
      }
    ]