 [
      {
        "CODE": "proc1",
        "SCODE": "spec1",
        "DESCRIPTION": "proc1",
        "UPDATE_USER_ID": "SUPPORT",
        "STATUS": "false",
        "PROCEDURENAME": "proc1 - proc1"
      },
      {
        "CODE": "proc2",
        "SCODE": "spec2",
        "DESCRIPTION": "proc2",
        "UPDATE_USER_ID": "SUPPORT",
        "STATUS": "false",
        "PROCEDURENAME": "proc2 - proc2"
      },
      {
        "CODE": "proc3",
        "SCODE": "spec3",
        "DESCRIPTION": "proc3",
        "UPDATE_USER_ID": "SUPPORT",
        "STATUS": "false",
        "PROCEDURENAME": "proc3 - proc3"
      },
      {
        "CODE": "proc4",
        "SCODE": "spec4",
        "DESCRIPTION": "proc4",
        "UPDATE_USER_ID": "SUPPORT",
        "STATUS": "false",
        "PROCEDURENAME": "proc4 - proc4"
      }
]
