[
      {
        "PAR_LOC_ID": "par1",
        "LOCATION_NAME": "parLocation1",
        "STATUS": "Y",
        "PARDESC": "par1 - parLocation1",
        "BUSINESS_UNIT": "US015",
        "ITEMDESC": "236item1 - 236item1",
        "ORG_GROUP_ID": "NOI",
        "ITEM_ID": "236item1",
        "SHORT_DESCR": "236item1",
        "VENDOR_ID": "ven1",
        "VEND_ITEM_ID": "236item1",
        "UNIT_OF_PROCUREMENT": "EA",
        "UNIT_OF_ISSUE": "EA",
        "CONV_FACTOR": "4",
        "ITEM_PRICE": "0",
        "STATUS1": "0",
        "PAR_UOM": "BX",
        "CONVERSION_RATE_PAR_UOM": "50",
        "SERIAL_CONTROLLED": "N",
        "LOT_CONTROLLED": "N",
        "LATEX_FREE": "false",
        "REPLENISHMENT_TYPE": "1",
        "LAST_UPDATE_DATE": "2017-04-27T12:57:27.707+05:30",
        "LAST_UPDATE_USER": "SUPPORT",
        "LEAD_TIME": "0",
        "CATALOG_FLG": "false",
        "PHARMACY_FLG": "false",
        "SUBSTITUTE_ITEM_FLG": "false",
        "EVERIFY_FLG": "false",
        "CINDEX": "0",
        "IMPLANT_FLAG": "N",
        "CONVERSION_RATE": "4",
        "INV_BUSINESS_UNIT": "US015",
        "FILL_KILL_FLAG": "0",
        "COST_CENTER": "costcenter"
      },
      {
        "PAR_LOC_ID": "par2",
        "LOCATION_NAME": "Parlocation2",
        "STATUS": "Y",
        "PARDESC": "par2 - Parlocation2",
        "BUSINESS_UNIT": "US015",
        "ITEMDESC": "236item1 - 236item1",
        "ORG_GROUP_ID": "NOI",
        "ITEM_ID": "236item1",
        "SHORT_DESCR": "236item1",
        "VENDOR_ID": "ven1",
        "VEND_ITEM_ID": "236item1",
        "UNIT_OF_PROCUREMENT": "EA",
        "UNIT_OF_ISSUE": "EA",
        "CONV_FACTOR": "4",
        "ITEM_PRICE": "0",
        "STATUS1": "0",
        "PAR_UOM": "BX",
        "CONVERSION_RATE_PAR_UOM": "50",
        "SERIAL_CONTROLLED": "N",
        "LOT_CONTROLLED": "N",
        "LATEX_FREE": "false",
        "REPLENISHMENT_TYPE": "1",
        "LAST_UPDATE_DATE": "2017-04-27T12:57:27.707+05:30",
        "LAST_UPDATE_USER": "SUPPORT",
        "LEAD_TIME": "0",
        "CATALOG_FLG": "false",
        "PHARMACY_FLG": "false",
        "SUBSTITUTE_ITEM_FLG": "false",
        "EVERIFY_FLG": "false",
        "CINDEX": "0",
        "IMPLANT_FLAG": "N",
        "CONVERSION_RATE": "4",
        "INV_BUSINESS_UNIT": "US015",
        "FILL_KILL_FLAG": "0",
        "COST_CENTER": "costcenter"
      }
]
