[
      {
        "ITEM_ID": "000000000000030001",
        "COMPARTMENT_ID": "A1",
        "DESCRIPTION": "Glove Exam",
        "ITEM_PRICE": "8.75",
        "PAR_VALUE": "10",
        "UOM": "HUN",
        "ORDER_TYPE": "Par",
        "ORDER_QTY": "0",
        "QOH": "212",
        "INVENTORY_ITEM": "Y",
        "FOQ": "0",
        "MAX_QTY": "0",
        "VENDOR_ID": "0000000001"
      },
      {
        "ITEM_ID": "000000000000030002",
        "COMPARTMENT_ID": "A3",
        "DESCRIPTION": "Glove Exam",
        "ITEM_PRICE": "8.75",
        "PAR_VALUE": "10",
        "UOM": "HUN",
        "ORDER_TYPE": "Par",
        "ORDER_QTY": "0",
        "QOH": "1212",
        "INVENTORY_ITEM": "Y",
        "FOQ": "0",
        "MAX_QTY": "0",
        "VENDOR_ID": "0000000002"
      },
      {
        "ITEM_ID": "000000000000030007",
        "COMPARTMENT_ID": "A5",
        "DESCRIPTION": "Glove, Exa",
        "ITEM_PRICE": "8.75",
        "ITEM_TYPE": "Stock",
        "PAR_VALUE": "10",
        "UOM": "HUN",
        "ORDER_TYPE": "Par",
        "ORDER_QTY": "0",
        "QOH": "1212",
        "INVENTORY_ITEM": "Y",
        "FOQ": "0",
        "MAX_QTY": "0",
        "VENDOR_ID": "US015"
      },
      {
        "ITEM_ID": "000000000000030015",
        "COMPARTMENT_ID": "B3",
        "DESCRIPTION": "Sheaths St",
        "ITEM_PRICE": "3.23",
        "ITEM_TYPE": "Stock",
        "PAR_VALUE": "10",
        "UOM": "HUN",
        "ORDER_TYPE": "Par",
        "ORDER_QTY": "0",
        "QOH": "12121",
        "INVENTORY_ITEM": "Y",
        "FOQ": "0",
        "MAX_QTY": "0",
        "VENDOR_ID": "US015"
      },
      {
        "ITEM_ID": "000000000000030022",
        "COMPARTMENT_ID": "B1",
        "DESCRIPTION": "Thermomete",
        "ITEM_PRICE": "15.67",
        "ITEM_TYPE": "Stock",
        "PAR_VALUE": "10",
        "UOM": "EA",
        "ORDER_TYPE": "Par",
        "ORDER_QTY": "0",
        "QOH": "2121",
        "INVENTORY_ITEM": "Y",
        "FOQ": "0",
        "MAX_QTY": "0",
        "VENDOR_ID": "US015"
      },
      {
        "ITEM_ID": "000000000000030024",
        "COMPARTMENT_ID": "B2",
        "DESCRIPTION": "Thermomete",
        "ITEM_PRICE": "34.5",
        "ITEM_TYPE": "Stock",
        "PAR_VALUE": "10",
        "UOM": "EA",
        "ORDER_TYPE": "Par",
        "ORDER_QTY": "0",
        "QOH": "12121",
        "INVENTORY_ITEM": "Y",
        "FOQ": "0",
        "MAX_QTY": "0",
        "VENDOR_ID": "US015"
      },
      {
        "ITEM_ID": "000000000000030026",
        "COMPARTMENT_ID": "B4",
        "DESCRIPTION": "Thermomete",
        "ITEM_PRICE": "5.44",
        "ITEM_TYPE": "Stock",
        "PAR_VALUE": "10",
        "UOM": "HUN",
        "ORDER_TYPE": "Par",
        "ORDER_QTY": "0",
        "QOH": "2121",
        "INVENTORY_ITEM": "Y",
        "FOQ": "0",
        "MAX_QTY": "0",
        "VENDOR_ID": "US015"
      },
      {
        "ITEM_ID": "000000000000030027",
        "COMPARTMENT_ID": "C2",
        "DESCRIPTION": "Pillow Dis",
        "ITEM_PRICE": "4.37",
        "ITEM_TYPE": "Stock",
        "PAR_VALUE": "10",
        "UOM": "EA",
        "ORDER_TYPE": "Par",
        "ORDER_QTY": "0",
        "QOH": "12112",
        "INVENTORY_ITEM": "Y",
        "FOQ": "0",
        "MAX_QTY": "0",
        "VENDOR_ID": "US015"
      },
      {
        "ITEM_ID": "000000000000030028",
        "COMPARTMENT_ID": "C3",
        "DESCRIPTION": "Pillow Dis",
        "ITEM_PRICE": "3.45",
        "ITEM_TYPE": "Stock",
        "PAR_VALUE": "10",
        "UOM": "EA",
        "ORDER_TYPE": "Par",
        "ORDER_QTY": "0",
        "QOH": "212",
        "INVENTORY_ITEM": "Y",
        "FOQ": "0",
        "MAX_QTY": "0",
        "VENDOR_ID": "US015"
      },
      {
        "ITEM_ID": "000000000000030029",
        "COMPARTMENT_ID": "C1",
        "DESCRIPTION": "ID Bracele",
        "ITEM_PRICE": "12.75",
        "ITEM_TYPE": "Stock",
        "PAR_VALUE": "10",
        "UOM": "HUN",
        "ORDER_TYPE": "Par",
        "ORDER_QTY": "0",
        "QOH": "2121",
        "INVENTORY_ITEM": "Y",
        "FOQ": "0",
        "MAX_QTY": "0",
        "VENDOR_ID": "US015"
      },
      {
        "ITEM_ID": "000000000000030034",
        "COMPARTMENT_ID": "C4",
        "DESCRIPTION": "Pace maker",
        "ITEM_PRICE": "143.5",
        "ITEM_TYPE": "Stockless",
        "PAR_VALUE": "10",
        "UOM": "EA",
        "ORDER_TYPE": "Par",
        "ORDER_QTY": "10",
        "QOH": "0",
        "INVENTORY_ITEM": "Y",
        "FOQ": "0",
        "MAX_QTY": "0",
        "VENDOR_ID": "SCM0000011"
      },
      {
        "ITEM_ID": "000000000000030036",
        "COMPARTMENT_ID": "C5",
        "DESCRIPTION": "Table Exam",
        "ITEM_PRICE": "549",
        "ITEM_TYPE": "Non Stock",
        "PAR_VALUE": "10",
        "UOM": "EA",
        "ORDER_TYPE": "Min/Max",
        "ORDER_QTY": "0",
        "QOH": "121",
        "INVENTORY_ITEM": "Y",
        "FOQ": "0",
        "MAX_QTY": "10",
        "VENDOR_ID": "0000000001"
      },
      {
        "ITEM_ID": "000000000000030037",
        "COMPARTMENT_ID": "C6",
        "DESCRIPTION": "Bed, Hospi",
        "ITEM_PRICE": "1587",
        "ITEM_TYPE": "Non Stock",
        "PAR_VALUE": "10",
        "UOM": "EA",
        "ORDER_TYPE": "Par",
        "ORDER_QTY": "0",
        "QOH": "1212",
        "INVENTORY_ITEM": "Y",
        "FOQ": "0",
        "MAX_QTY": "0",
        "VENDOR_ID": "0000000001"
      }
]
