[
      {
        "ITEM_ID": "itemID1",
        "MANUFACTURE_ITEM_ID": "4525885",
        "VENDOR_ITEM_ID": "venoritem1",
        "CUST_ITEM_ID": "custitem1",
        "ITEM_DESCRIPTION": "itemdec1",
        "COUNT_ORDER": "56",
        "OPTIMUM_QTY": "678",
        "CHARGE_CODE": "445",
        "UOM": "EA",
        "CONV_RATE_PAR_TO_ISSUE": "1",
        "LOT_CONTROLLED": "Y",
        "SERIALIZED": "Y",
        "UPC_ID": "upcid",
        "ITEM_PRICE": "67",
        "GTIN": "gitin",
        "BUSINESS_UNIT": "US015",
        "CART_ID": "COR-1",
        "MANUFACTURER": "manuf1",
        "VENDOR": "venodr1",
        "PATIENT_CHARGEABLE": "N",
        "SAMPLE": "N",
        "STATUS": "Y"
      },
      {
        "ITEM_ID": "itemID2",
        "MANUFACTURE_ITEM_ID": "dsgds",
        "VENDOR_ITEM_ID": "dgd",
        "CUST_ITEM_ID": "dgdg",
        "ITEM_DESCRIPTION": "itemdec2",
        "COUNT_ORDER": "67",
        "OPTIMUM_QTY": "435",
        "CHARGE_CODE": "56768",
        "UOM": "EA",
        "CONV_RATE_PAR_TO_ISSUE": "1",
        "LOT_CONTROLLED": "Y",
        "SERIALIZED": "Y",
        "UPC_ID": "sf",
        "ITEM_PRICE": "56",
        "GTIN": "tutru",
        "BUSINESS_UNIT": "US015",
        "CART_ID": "COR-1",
        "MANUFACTURER": "dgads",
        "VENDOR": "dgds",
        "PATIENT_CHARGEABLE": "N",
        "SAMPLE": "N",
        "STATUS": "Y"
      },
      {
        "ITEM_ID": "noncart1",
        "ITEM_DESCRIPTION": "noncart1",
        "OPTIMUM_QTY": "0",
        "CHARGE_CODE": "1234",
        "UOM": "EA",
        "CONV_RATE_PAR_TO_ISSUE": "1",
        "LOT_CONTROLLED": "N",
        "SERIALIZED": "N",
        "ITEM_PRICE": "0",
        "BUSINESS_UNIT": "US015",
        "CART_ID": "COR-1",
        "PATIENT_CHARGEABLE": "N",
        "SAMPLE": "N",
        "STATUS": "Y"
      },
      {
        "ITEM_ID": "noncartitem1",
        "ITEM_DESCRIPTION": "noncaritem2",
        "OPTIMUM_QTY": "0",
        "UOM": "EA",
        "CONV_RATE_PAR_TO_ISSUE": "1",
        "LOT_CONTROLLED": "N",
        "SERIALIZED": "N",
        "ITEM_PRICE": "0",
        "BUSINESS_UNIT": "US015",
        "CART_ID": "COR-1",
        "PATIENT_CHARGEABLE": "N",
        "SAMPLE": "N",
        "STATUS": "Y"
      }
    ]
