[
      {
        "CART_ID": "COR-1",
        "ITEM_ID": "000000000000030001",
        "DESCR": "Glove Exam",
        "COMPARTMENT": "A1",
        "PRICE": "8.75",
        "PAR_VALUE": "10",
        "UOM": "HUN",
        "MAX_USAGE": "0",
        "MIN_USAGE": "0",
        "AVG_USAGE": "0",
        "TOTAL_USAGE": "0",
        "ORDER_QTY": "0",
        "RECOMMENDED_PAR": "0",
        "PAR_VARIATION": "100",
        "LOCATION_TYPE": "P"
      },
      {
        "CART_ID": "COR-1",
        "ITEM_ID": "000000000000030002",
        "DESCR": "Glove Exam",
        "COMPARTMENT": "A3",
        "PRICE": "8.75",
        "PAR_VALUE": "10",
        "UOM": "HUN",
        "MAX_USAGE": "0",
        "MIN_USAGE": "0",
        "AVG_USAGE": "0",
        "TOTAL_USAGE": "0",
        "ORDER_QTY": "0",
        "RECOMMENDED_PAR": "0",
        "PAR_VARIATION": "100",
        "LOCATION_TYPE": "P"
      },
      {
        "CART_ID": "COR-1",
        "ITEM_ID": "000000000000030007",
        "DESCR": "Glove, Exa",
        "COMPARTMENT": "A5",
        "PRICE": "8.75",
        "PAR_VALUE": "10",
        "UOM": "HUN",
        "MAX_USAGE": "0",
        "MIN_USAGE": "0",
        "AVG_USAGE": "0",
        "TOTAL_USAGE": "0",
        "ORDER_QTY": "0",
        "RECOMMENDED_PAR": "0",
        "PAR_VARIATION": "100",
        "LOCATION_TYPE": "P"
      },
      {
        "CART_ID": "COR-1",
        "ITEM_ID": "000000000000030015",
        "DESCR": "Sheaths St",
        "COMPARTMENT": "B3",
        "PRICE": "3.23",
        "PAR_VALUE": "10",
        "UOM": "HUN",
        "MAX_USAGE": "0",
        "MIN_USAGE": "0",
        "AVG_USAGE": "0",
        "TOTAL_USAGE": "0",
        "ORDER_QTY": "0",
        "RECOMMENDED_PAR": "0",
        "PAR_VARIATION": "100",
        "LOCATION_TYPE": "P"
      },
      {
        "CART_ID": "COR-1",
        "ITEM_ID": "000000000000030022",
        "DESCR": "Thermomete",
        "COMPARTMENT": "B1",
        "PRICE": "15.67",
        "PAR_VALUE": "10",
        "UOM": "EA",
        "MAX_USAGE": "0",
        "MIN_USAGE": "0",
        "AVG_USAGE": "0",
        "TOTAL_USAGE": "0",
        "ORDER_QTY": "0",
        "RECOMMENDED_PAR": "0",
        "PAR_VARIATION": "100",
        "LOCATION_TYPE": "P"
      },
      {
        "CART_ID": "COR-1",
        "ITEM_ID": "000000000000030024",
        "DESCR": "Thermomete",
        "COMPARTMENT": "B2",
        "PRICE": "34.5",
        "PAR_VALUE": "10",
        "UOM": "EA",
        "MAX_USAGE": "0",
        "MIN_USAGE": "0",
        "AVG_USAGE": "0",
        "TOTAL_USAGE": "0",
        "ORDER_QTY": "0",
        "RECOMMENDED_PAR": "0",
        "PAR_VARIATION": "100",
        "LOCATION_TYPE": "P"
      },
      {
        "CART_ID": "COR-1",
        "ITEM_ID": "000000000000030026",
        "DESCR": "Thermomete",
        "COMPARTMENT": "B4",
        "PRICE": "5.44",
        "PAR_VALUE": "10",
        "UOM": "HUN",
        "MAX_USAGE": "0",
        "MIN_USAGE": "0",
        "AVG_USAGE": "0",
        "TOTAL_USAGE": "0",
        "ORDER_QTY": "0",
        "RECOMMENDED_PAR": "0",
        "PAR_VARIATION": "100",
        "LOCATION_TYPE": "P"
      },
      {
        "CART_ID": "COR-1",
        "ITEM_ID": "000000000000030027",
        "DESCR": "Pillow Dis",
        "COMPARTMENT": "C2",
        "PRICE": "4.37",
        "PAR_VALUE": "10",
        "UOM": "EA",
        "MAX_USAGE": "0",
        "MIN_USAGE": "0",
        "AVG_USAGE": "0",
        "TOTAL_USAGE": "0",
        "ORDER_QTY": "0",
        "RECOMMENDED_PAR": "0",
        "PAR_VARIATION": "100",
        "LOCATION_TYPE": "P"
      },
      {
        "CART_ID": "COR-1",
        "ITEM_ID": "000000000000030028",
        "DESCR": "Pillow Dis",
        "COMPARTMENT": "C3",
        "PRICE": "3.45",
        "PAR_VALUE": "10",
        "UOM": "EA",
        "MAX_USAGE": "0",
        "MIN_USAGE": "0",
        "AVG_USAGE": "0",
        "TOTAL_USAGE": "0",
        "ORDER_QTY": "0",
        "RECOMMENDED_PAR": "0",
        "PAR_VARIATION": "100",
        "LOCATION_TYPE": "P"
      },
      {
        "CART_ID": "COR-1",
        "ITEM_ID": "000000000000030029",
        "DESCR": "ID Bracele",
        "COMPARTMENT": "C1",
        "PRICE": "12.75",
        "PAR_VALUE": "10",
        "UOM": "HUN",
        "MAX_USAGE": "0",
        "MIN_USAGE": "0",
        "AVG_USAGE": "0",
        "TOTAL_USAGE": "0",
        "ORDER_QTY": "0",
        "RECOMMENDED_PAR": "0",
        "PAR_VARIATION": "100",
        "LOCATION_TYPE": "P"
      },
      {
        "CART_ID": "COR-1",
        "ITEM_ID": "000000000000030034",
        "DESCR": "Pace maker",
        "COMPARTMENT": "C4",
        "PRICE": "143.5",
        "PAR_VALUE": "10",
        "UOM": "EA",
        "MAX_USAGE": "0",
        "MIN_USAGE": "0",
        "AVG_USAGE": "0",
        "TOTAL_USAGE": "0",
        "ORDER_QTY": "0",
        "RECOMMENDED_PAR": "0",
        "PAR_VARIATION": "100",
        "LOCATION_TYPE": "P"
      },
      {
        "CART_ID": "COR-1",
        "ITEM_ID": "000000000000030036",
        "DESCR": "Table Exam",
        "COMPARTMENT": "C5",
        "PRICE": "549",
        "PAR_VALUE": "10",
        "UOM": "EA",
        "MAX_USAGE": "0",
        "MIN_USAGE": "0",
        "AVG_USAGE": "0",
        "TOTAL_USAGE": "0",
        "ORDER_QTY": "0",
        "RECOMMENDED_PAR": "0",
        "PAR_VARIATION": "100",
        "LOCATION_TYPE": "P"
      },
      {
        "CART_ID": "COR-1",
        "ITEM_ID": "000000000000030037",
        "DESCR": "Bed, Hospi",
        "COMPARTMENT": "C6",
        "PRICE": "1587",
        "PAR_VALUE": "10",
        "UOM": "EA",
        "MAX_USAGE": "0",
        "MIN_USAGE": "0",
        "AVG_USAGE": "0",
        "TOTAL_USAGE": "0",
        "ORDER_QTY": "0",
        "RECOMMENDED_PAR": "0",
        "PAR_VARIATION": "100",
        "LOCATION_TYPE": "P"
      }
]
