 [
      {
        "ORG_ID": "US015",
        "PAR_LOC_ID": "par1",
        "BIN_LOC": "com1",
        "ITEM_ID": "Item2",
        "COUNT_ORDER": "0",
        "OPTIMAL_QTY": "4",
        "COUNT_REQUIRED": "N",
        "SHORT_DESCR": "Item2",
        "ORDERING_TYPE": "01",
        "MAX_QTY": "0",
        "UNIT_OF-MEASURE":"BX/EA",
        "STOCK_ISSUE":"BX/EA",
        "CONVERSION_RATE_PAR_UOM":"50",
        "FOQ_QTY": "0",
        "LOCDTLSUOI": "EA",
        "ITMUOI": "EA",
        "LOCDTLSUOP": "EA",
        "LOCDTLSCONVRATE": "2",
        "LOCDTLSSRCNTRL": "N",
        "LOCDTLSLOTCNTRL": "N",
        "LOCDTLSRPTYPE": "1",
        "STATUS": "Y",
        "COST_CENTER": "costcenter",
        "INV_BUSINESS_UNIT": "US015",
        "STATUS1": "Y",
        "REQUISITION_TYPE": "I",
        "ORG_GROUP_ID": "NOI",
        "SUBSTITUTE_ITEM_FLG": "false"
      },
      {
        "ORG_ID": "US015",
        "PAR_LOC_ID": "par1",
        "BIN_LOC": "com1",
        "ITEM_ID": "NormalItem",
        "COUNT_ORDER": "0",
        "OPTIMAL_QTY": "4",
        "COUNT_REQUIRED": "N",
        "SHORT_DESCR": "NormalItem",
        "ORDERING_TYPE": "01",
        "MAX_QTY": "0",
        "UNIT_OF-MEASURE":"BX/EA",
        "STOCK_ISSUE":"BX/EA",
        "CONVERSION_RATE_PAR_UOM":"50",
        "FOQ_QTY": "0",
        "LOCDTLSUOI": "EA",
        "ITMUOI": "EA",
        "LOCDTLSUOP": "EA",
        "LOCDTLSCONVRATE": "3",
        "LOCDTLSSRCNTRL": "N",
        "LOCDTLSLOTCNTRL": "N",
        "LOCDTLSRPTYPE": "1",
        "STATUS": "Y",
        "COST_CENTER": "costcenter",
        "INV_BUSINESS_UNIT": "US015",
        "STATUS1": "Y",
        "REQUISITION_TYPE": "I",
        "ORG_GROUP_ID": "NOI",
        "SUBSTITUTE_ITEM_FLG": "false"
      }
   ]
