 [
      {
        "TRANSACTION_ID": "49",
        "PATIENT_NAME": "5020139131 / Jacob Mathews",
        "PATIENT_ID": "5020139131",
        "CAPTURE_DATE_TIME": "05/01/2017",
        "USER_ID": "client  c (C)",
        "ACCOUNT_ID": "5020139131",
        "REVIEWED": "false",
        "DEPARTMENT_ID": "11000"
      },
      {
        "TRANSACTION_ID": "50",
        "PATIENT_NAME": "5020139132 / Emily Perkin",
        "PATIENT_ID": "5020139132",
        "CAPTURE_DATE_TIME": "05/01/2017",
        "USER_ID": "client  c (C)",
        "ACCOUNT_ID": "5020139132",
        "REVIEWED": "false",
        "DEPARTMENT_ID": "11000"
      },
      {
        "TRANSACTION_ID": "51",
        "PATIENT_NAME": "5020139131 / Jacob Mathews",
        "PATIENT_ID": "5020139131",
        "CAPTURE_DATE_TIME": "05/01/2017",
        "USER_ID": "client  c (C)",
        "ACCOUNT_ID": "5020139131",
        "REVIEWED": "false",
        "DEPARTMENT_ID": "11000"
      },
      {
        "TRANSACTION_ID": "75",
        "PATIENT_NAME": "5020139131 / Jacob Mathews",
        "PATIENT_ID": "5020139131",
        "CAPTURE_DATE_TIME": "05/01/2017",
        "USER_ID": "client  c (C)",
        "ACCOUNT_ID": "5020139131",
        "REVIEWED": "false",
        "DEPARTMENT_ID": "11000"
      },
      {
        "TRANSACTION_ID": "77",
        "PATIENT_NAME": "5020139131 / Jacob Mathews",
        "PATIENT_ID": "5020139131",
        "CAPTURE_DATE_TIME": "05/01/2017",
        "USER_ID": "client  c (C)",
        "ACCOUNT_ID": "5020139131",
        "REVIEWED": "false",
        "DEPARTMENT_ID": "11000"
      },
      {
        "TRANSACTION_ID": "78",
        "PATIENT_NAME": "5020139134 / Emma Yu",
        "PATIENT_ID": "5020139134",
        "CAPTURE_DATE_TIME": "05/01/2017",
        "USER_ID": "client  c (C)",
        "ACCOUNT_ID": "5020139134",
        "REVIEWED": "false",
        "DEPARTMENT_ID": "11000"
      },
      {
        "TRANSACTION_ID": "82",
        "PATIENT_NAME": "5020139134 / Emma Yu",
        "PATIENT_ID": "5020139134",
        "CAPTURE_DATE_TIME": "05/01/2017",
        "USER_ID": "client  c (C)",
        "ACCOUNT_ID": "5020139134",
        "REVIEWED": "false",
        "DEPARTMENT_ID": "11000"
      },
      {
        "TRANSACTION_ID": "83",
        "PATIENT_NAME": "5020139132 / Emily Perkin",
        "PATIENT_ID": "5020139132",
        "CAPTURE_DATE_TIME": "05/01/2017",
        "USER_ID": "client  c (C)",
        "ACCOUNT_ID": "5020139132",
        "REVIEWED": "false",
        "DEPARTMENT_ID": "11000"
      },
      {
        "TRANSACTION_ID": "84",
        "PATIENT_NAME": "5020139132 / Emily Perkin",
        "PATIENT_ID": "5020139132",
        "CAPTURE_DATE_TIME": "05/01/2017",
        "USER_ID": "client  c (C)",
        "ACCOUNT_ID": "5020139132",
        "REVIEWED": "false",
        "DEPARTMENT_ID": "11000"
      },
      {
        "TRANSACTION_ID": "86",
        "PATIENT_NAME": "5020139131 / Jacob Mathews",
        "PATIENT_ID": "5020139131",
        "CAPTURE_DATE_TIME": "05/01/2017",
        "USER_ID": "client  c (C)",
        "ACCOUNT_ID": "5020139131",
        "REVIEWED": "false",
        "DEPARTMENT_ID": "11000"
      }
    ]