[
      {
        "ORG_GROUP_ID": "NOI",
        "DEPT_ID": "11000",
        "DEPT_NAME": "11000",
        "ALLOW_LOC_SELECT": "true",
        "STATUS": "Active",
        "STATUS_ACTION": "InActivate",
        "ALERT_NOTIFY_REQ": "N",
        "EXCP_APPROVAL_REQ": "N",
        "REMINDER_FREQ": "0",
        "INV_INTERFACE_ENABLE": "Y",
        "BILLING_ENABLE": "Y",
        "SEND_LOWSTOCK_EMAIL_ALERTS": "N",
        "SEND_PRODUCT_EXP_EMAIL_ALERTS": "N",
        "NO_OF_CASES_DOWNLOAD": "1",
        "PREPICK_QA_PROCESS_REQUIRED": "false",
        "AUTO_PUTAWAY_ENABLED": "N",
        "CASE_PICK_STATUS": "0",
        "AUTO_CASE_PICK": "N"
      },
      {
        "ORG_GROUP_ID": "NOI",
        "DEPT_ID": "220000",
        "DEPT_NAME": "deparment2",
        "ALLOW_LOC_SELECT": "true",
        "STATUS": "Active",
        "STATUS_ACTION": "InActivate",
        "ALERT_NOTIFY_REQ": "N",
        "EXCP_APPROVAL_REQ": "N",
        "REMINDER_FREQ": "0",
        "INV_INTERFACE_ENABLE": "Y",
        "BILLING_ENABLE": "Y",
        "SEND_LOWSTOCK_EMAIL_ALERTS": "N",
        "SEND_PRODUCT_EXP_EMAIL_ALERTS": "N",
        "NO_OF_CASES_DOWNLOAD": "1",
        "PREPICK_QA_PROCESS_REQUIRED": "false",
        "AUTO_PUTAWAY_ENABLED": "N",
        "CASE_PICK_STATUS": "0",
        "AUTO_CASE_PICK": "N"
      },
      {
        "ORG_GROUP_ID": "NOI",
        "DEPT_ID": "dept1",
        "DEPT_NAME": "dept1",
        "ALLOW_LOC_SELECT": "true",
        "STATUS": "Active",
        "STATUS_ACTION": "InActivate",
        "ALERT_NOTIFY_REQ": "N",
        "EXCP_APPROVAL_REQ": "N",
        "REMINDER_FREQ": "0",
        "INV_INTERFACE_ENABLE": "Y",
        "BILLING_ENABLE": "Y",
        "SEND_LOWSTOCK_EMAIL_ALERTS": "N",
        "SEND_PRODUCT_EXP_EMAIL_ALERTS": "N",
        "NO_OF_CASES_DOWNLOAD": "1",
        "PREPICK_QA_PROCESS_REQUIRED": "false",
        "AUTO_PUTAWAY_ENABLED": "N",
        "CASE_PICK_STATUS": "0",
        "AUTO_CASE_PICK": "N"
      },
      {
        "ORG_GROUP_ID": "NOI",
        "DEPT_ID": "dept2",
        "DEPT_NAME": "dept2",
        "ALLOW_LOC_SELECT": "true",
        "STATUS": "Active",
        "STATUS_ACTION": "InActivate",
        "ALERT_NOTIFY_REQ": "N",
        "EXCP_APPROVAL_REQ": "N",
        "REMINDER_FREQ": "0",
        "INV_INTERFACE_ENABLE": "Y",
        "BILLING_ENABLE": "Y",
        "SEND_LOWSTOCK_EMAIL_ALERTS": "N",
        "SEND_PRODUCT_EXP_EMAIL_ALERTS": "N",
        "NO_OF_CASES_DOWNLOAD": "1",
        "PREPICK_QA_PROCESS_REQUIRED": "false",
        "AUTO_PUTAWAY_ENABLED": "N",
        "CASE_PICK_STATUS": "0",
        "AUTO_CASE_PICK": "N"
      },
      {
        "ORG_GROUP_ID": "NOI",
        "DEPT_ID": "dept3",
        "DEPT_NAME": "dept3",
        "ALLOW_LOC_SELECT": "true",
        "STATUS": "Active",
        "STATUS_ACTION": "InActivate",
        "ALERT_NOTIFY_REQ": "N",
        "EXCP_APPROVAL_REQ": "N",
        "REMINDER_FREQ": "0",
        "INV_INTERFACE_ENABLE": "Y",
        "BILLING_ENABLE": "Y",
        "SEND_LOWSTOCK_EMAIL_ALERTS": "N",
        "SEND_PRODUCT_EXP_EMAIL_ALERTS": "N",
        "NO_OF_CASES_DOWNLOAD": "1",
        "PREPICK_QA_PROCESS_REQUIRED": "false",
        "AUTO_PUTAWAY_ENABLED": "N",
        "CASE_PICK_STATUS": "0",
        "AUTO_CASE_PICK": "N"
      }
]
