[
      {
        "TRANSACTION_ID": "1",
        "BUSINESS_UNIT": "US009",
        "ID": "1",
        "DOWNLOAD_DT_TIME": "2017-04-05T15:11:50+05:30",
        "USERNAME": "Anil  Client(C)",
        "UID": "C",
        "DESCR": "0000000012"
      },
      {
        "TRANSACTION_ID": "2",
        "BUSINESS_UNIT": "US010",
        "ID": "3",
        "DOWNLOAD_DT_TIME": "2017-04-05T15:11:57+05:30",
        "USERNAME": "Anil  Client(C)",
        "UID": "C",
        "DESCR": "0000000015"
      },
      {
        "TRANSACTION_ID": "3",
        "BUSINESS_UNIT": "US010",
        "ID": "1",
        "DOWNLOAD_DT_TIME": "2017-04-05T15:12:00+05:30",
        "USERNAME": "Anil  Client(C)",
        "UID": "C",
        "DESCR": "0000000016"
      },
      {
        "TRANSACTION_ID": "4",
        "BUSINESS_UNIT": "US010",
        "ID": "4",
        "DOWNLOAD_DT_TIME": "2017-04-05T15:12:03+05:30",
        "USERNAME": "Anil  Client(C)",
        "UID": "C",
        "DESCR": "A000000015"
      }
]
