[
      {
        "TRANSACTION_ID": "1",
        "BUSINESS_UNIT": "US001",
        "ID": "0000000010",
        "DOWNLOAD_DT_TIME": "2017-03-27T12:49:40+05:30",
        "USERNAME": "Anil  Client(C)",
        "UID": "C"
      },
      {
        "TRANSACTION_ID": "2",
        "BUSINESS_UNIT": "US001",
        "ID": "0000000247",
        "DOWNLOAD_DT_TIME": "2017-03-27T14:58:23+05:30",
        "USERNAME": "support  ser111(SUPPORT)",
        "UID": "SUPPORT"
      },
      {
        "TRANSACTION_ID": "3",
        "BUSINESS_UNIT": "US001",
        "ID": "0000000245",
        "DOWNLOAD_DT_TIME": "2017-03-27T14:59:33+05:30",
        "USERNAME": "support  ser111(SUPPORT)",
        "UID": "SUPPORT"
      },
      {
        "TRANSACTION_ID": "4",
        "BUSINESS_UNIT": "US001",
        "ID": "0000000221",
        "DOWNLOAD_DT_TIME": "2017-03-27T15:01:29+05:30",
        "USERNAME": "support  ser111(SUPPORT)",
        "UID": "SUPPORT"
      }
]