[			
      {
        "B_UNIT": "BUY01",
        "PO_ID": "POMP-036",
        "PO_DATE": "01/14/2002 00:00:00",
        "SHIPTO_ID": "BUY01",
        "VENDOR_ID": "FROMAGE",
        "RECEIVER_ID": ""               
      },
	  	  
      {
        "B_UNIT": "BUY01",
        "PO_ID": "POMP-016",
        "PO_DATE": "01/14/2002 00:00:00",
        "SHIPTO_ID": "BUY01",
        "VENDOR_ID": "FROMAGE",
        "RECEIVER_ID": ""               
      },	 
       {
        "B_UNIT": "BUY01",
        "PO_ID": "POMP-033",
        "PO_DATE": "01/03/2002 00:00:00",
        "SHIPTO_ID": "BUY01",
        "VENDOR_ID": "FRIDAY",
        "RECEIVER_ID": ""               
      },
       {
        "B_UNIT": "BUY01",
        "PO_ID": "POMP-035",
        "PO_DATE": "01/02/2002 00:00:00",
        "SHIPTO_ID": "BUY01",
        "VENDOR_ID": "FROMAGE",
        "RECEIVER_ID": ""               
      },
       {
        "B_UNIT": "BUY01",
        "PO_ID": "POMP-034",
        "PO_DATE": "01/02/2002 00:00:00",
        "SHIPTO_ID": "BUY01",
        "VENDOR_ID": "FREEDS",
        "RECEIVER_ID": ""               
      },
       {
        "B_UNIT": "BUY01",
        "PO_ID": "POMP-032",
        "PO_DATE": "01/02/2002 00:00:00",
        "SHIPTO_ID": "BUY01",
        "VENDOR_ID": "BOOKS4U",
        "RECEIVER_ID": ""               
      },
       {
        "B_UNIT": "BUY01",
        "PO_ID": "POMP-031",
        "PO_DATE": "01/02/2002 00:00:00",
        "SHIPTO_ID": "BUY01",
        "VENDOR_ID": "BOOKS4U",
        "RECEIVER_ID": ""               
      },
       {
        "B_UNIT": "BUY01",
        "PO_ID": "POMP-022",
        "PO_DATE": "12/07/2001 00:00:00",
        "SHIPTO_ID": "US001",
        "VENDOR_ID": "BOOKS4U",
        "RECEIVER_ID": ""               
      },
       {
        "B_UNIT": "BUY01",
        "PO_ID": "POMP-021",
        "PO_DATE": "12/07/2001 00:00:00",
        "SHIPTO_ID": "US001",
        "VENDOR_ID": "BOOKS4U",
        "RECEIVER_ID": ""               
      },
       {
        "B_UNIT": "BUY01",
        "PO_ID": "POMP-015",
        "PO_DATE": "12/03/2001 00:00:00",
        "SHIPTO_ID": "US001",
        "VENDOR_ID": "FROMAGE",
        "RECEIVER_ID": ""               
      },       
      {
        "B_UNIT": "BUY01",
        "PO_ID": "POMP-005",
        "PO_DATE": "11/27/2001 00:00:00",
        "SHIPTO_ID": "BUY01",
        "VENDOR_ID": "FROMAGE",
        "RECEIVER_ID": ""               
      },
      {
        "B_UNIT": "BUY01",
        "PO_ID": "POMP-003",
        "PO_DATE": "11/27/2001 00:00:00",
        "SHIPTO_ID": "BUY01",
        "VENDOR_ID": "FRIDAY",
        "RECEIVER_ID": ""               
      }, 
       {
        "B_UNIT": "BUY01",
        "PO_ID": "POMP-001",
        "PO_DATE": "11/27/2001 00:00:00",
        "SHIPTO_ID": "BUY01",
        "VENDOR_ID": "BOOKS4U",
        "RECEIVER_ID": ""               
      }	  
]

