﻿[
  {
    "id": "mhsi1021",
    "name": "michael",
    "salary": "45000",
    "address": "washington"
  },
  {
    "id": "mhsi1022",
    "name": "christopher",
    "salary": "35000",
    "address": "america"
  },
  {
    "id": "mhsi1023",
    "name": "hallen",
    "salary": "55000",
    "address": "japan"
  },
  {
    "id": "mhsi1024",
    "name": "Wagon",
    "salary": "65000",
    "address": "jarmany"
  },
  {
    "id": "mhsi1025",
    "name": "hellen",
    "salary": "75000",
    "address": "africa"
  },
  {
    "id": "mhsi1026",
    "name": "taylor",
    "salary": "85000",
    "address": "newzeland"
  },
  {
    "id": "mhsi1026",
    "name": "hellen",
    "salary": "75000",
    "address": "africa"
  },
  {
    "id": "mhsi1027",
    "name": "huges",
    "salary": "65000",
    "address": "jaermany"
  },
  {
    "id": "mhsi1028",
    "name": "michael",
    "salary": "95000",
    "address": "africa"
  },
  {
    "id": "mhsi1029",
    "name": "hussey",
    "salary": "75000",
    "address": "jhapan"
  }
]


