[
      {
        "ORG_GROUP_NAME": "Mhs",
        "ORG_GROUP_ID": "Mhs",
        "ITEM_ID": "phaitem1",
        "SHORT_DESCR": "phaitem1",
        "VENDOR_ID": "VEN_240",
        "VEND_ITEM_ID": "vendor1",
        "UNIT_OF_PROCUREMENT": "EA",
        "UNIT_OF_ISSUE": "EA",
        "CONV_FACTOR": "4",
        "ITEM_PRICE": "0",
        "STATUS": "0",
        "LOT_CONTROLLED": "N",
        "SERIAL_CONTROLLED": "N",
        "IMPLANT_FLAG": "N",
        "CONV_FACTOR1": "4",
        "LATEX_FREE": "false",
        "REPLENISHMENT_TYPE": "1",
        "LEAD_TIME": "0",
        "PHARMACY_FLG": "true",
        "SUBSTITUTE_ITEM_FLG": "true",
        "EVERIFY_FLG": "false",
        "CINDEX": "0"
      },
      {
        "ORG_GROUP_NAME": "Mhs",
        "ORG_GROUP_ID": "Mhs",
        "ITEM_ID": "pharmacnyitem1",
        "SHORT_DESCR": "pharmacnyitem1",
        "VENDOR_ID": "VEN_240",
        "VEND_ITEM_ID": "vendor1",
        "UNIT_OF_PROCUREMENT": "EA",
        "UNIT_OF_ISSUE": "EA",
        "CONV_FACTOR": "4",
        "ITEM_PRICE": "0",
        "STATUS": "0",
        "LOT_CONTROLLED": "N",
        "SERIAL_CONTROLLED": "N",
        "IMPLANT_FLAG": "N",
        "CONV_FACTOR1": "4",
        "LATEX_FREE": "false",
        "REPLENISHMENT_TYPE": "1",
        "LEAD_TIME": "0",
        "PHARMACY_FLG": "true",
        "SUBSTITUTE_ITEM_FLG": "true",
        "STRENGTH": "strength1",
        "EVERIFY_FLG": "false",
        "CINDEX": "0"
      },
      {
        "ORG_GROUP_NAME": "Mhs",
        "ORG_GROUP_ID": "Mhs",
        "ITEM_ID": "pharmy33",
        "SHORT_DESCR": "pharmy33",
        "VENDOR_ID": "VEN_240",
        "VEND_ITEM_ID": "vendor1",
        "UNIT_OF_PROCUREMENT": "EA",
        "UNIT_OF_ISSUE": "EA",
        "CONV_FACTOR": "4",
        "ITEM_PRICE": "0",
        "STATUS": "0",
        "LOT_CONTROLLED": "N",
        "SERIAL_CONTROLLED": "N",
        "IMPLANT_FLAG": "N",
        "CONV_FACTOR1": "4",
        "LATEX_FREE": "false",
        "REPLENISHMENT_TYPE": "1",
        "LEAD_TIME": "0",
        "PHARMACY_FLG": "true",
        "SUBSTITUTE_ITEM_FLG": "true",
        "EVERIFY_FLG": "false",
        "CINDEX": "0"
      },
      {
        "ORG_GROUP_NAME": "Mhs",
        "ORG_GROUP_ID": "Mhs",
        "ITEM_ID": "pharmy34",
        "SHORT_DESCR": "pharmy34",
        "VENDOR_ID": "VEN_240",
        "VEND_ITEM_ID": "vendor234",
        "UNIT_OF_PROCUREMENT": "EA",
        "UNIT_OF_ISSUE": "EA",
        "CONV_FACTOR": "45",
        "ITEM_PRICE": "0",
        "STATUS": "0",
        "LOT_CONTROLLED": "N",
        "SERIAL_CONTROLLED": "N",
        "IMPLANT_FLAG": "N",
        "CONV_FACTOR1": "45",
        "LATEX_FREE": "false",
        "REPLENISHMENT_TYPE": "1",
        "LEAD_TIME": "0",
        "PHARMACY_FLG": "true",
        "SUBSTITUTE_ITEM_FLG": "true",
        "EVERIFY_FLG": "false",
        "CINDEX": "0"
      },
      {
        "ORG_GROUP_NAME": "Mhs",
        "ORG_GROUP_ID": "Mhs",
        "ITEM_ID": "setupitem1",
        "CUST_ITEM_ID": "Cust_setupItem1",
        "SHORT_DESCR": "setupitemDec",
        "VENDOR_ID": "VEN_240",
        "MANUFACTURER": "Manufacturer_setupitem1",
        "MFG_ITEM_ID": "manfID_setupItem_1",
        "VEND_ITEM_ID": "vendor1_setupItem_1",
        "UNIT_OF_PROCUREMENT": "EA",
        "UNIT_OF_ISSUE": "EA",
        "CONV_FACTOR": "4",
        "CHARGE_CODE": "4546757",
        "ITEM_PRICE": "458",
        "UPC_CODE": "UPC_ID1SetupItem_1",
        "GTIN": "GTIN1SetupItem_1",
        "STATUS": "0",
        "LOT_CONTROLLED": "Y",
        "SERIAL_CONTROLLED": "Y",
        "IMPLANT_FLAG": "Y",
        "CONV_FACTOR1": "4",
        "LATEX_FREE": "true",
        "CUST_ITEM_DESCR": "normal item for setupITems",
        "ITEM_CATEGORY": "Itemcategorysetupitem1",
        "USER_FIELD_1": "setupitem1userf1",
        "USER_FIELD_2": "setupitem1userf2",
        "REPLENISHMENT_TYPE": "1",
        "LEAD_TIME": "0",
        "PHARMACY_FLG": "true",
        "SUBSTITUTE_ITEM_FLG": "true",
        "STRENGTH": "setupitem1drugstrenth",
        "DOSAGE": "setupitemdosage",
        "EVERIFY_FLG": "true",
        "CINDEX": "4"
      }
    ]