[
      {
        "ORG_ID": "US015",
        "INV_ITEM_ID": "00081317000303",
        "UOM": "EA",
        "STOR_LOC": "ac1",
        "DEFAULT_LOC_FLAG": "N",
        "QUANTITY_ON_HAND": "0",
        "LAST_UPDATE_DATE": "2017-03-17T12:41:49+05:30",
        "REPLENISHMENT_TYPE": "Stock",
        "STATUS": "false",
        "SHORT_DESCR": "LotserialItem"
      },
      {
        "ORG_ID": "US015",
        "INV_ITEM_ID": "00081317000303",
        "UOM": "EA",
        "STOR_LOC": "ac2",
        "DEFAULT_LOC_FLAG": "N",
        "QUANTITY_ON_HAND": "0",
        "LAST_UPDATE_DATE": "2017-03-17T12:41:49+05:30",
        "REPLENISHMENT_TYPE": "Stock",
        "STATUS": "false",
        "SHORT_DESCR": "LotserialItem"
      },
      {
        "ORG_ID": "US015",
        "INV_ITEM_ID": "00081317000303",
        "UOM": "EA",
        "STOR_LOC": "sd",
        "DEFAULT_LOC_FLAG": "Y",
        "QUANTITY_ON_HAND": "0",
        "LAST_UPDATE_DATE": "2017-03-17T12:27:54+05:30",
        "REPLENISHMENT_TYPE": "Stock",
        "STATUS": "false",
        "SHORT_DESCR": "LotserialItem"
      },
      {
        "ORG_ID": "US015",
        "INV_ITEM_ID": "1001540",
        "UOM": "EA",
        "STOR_LOC": "cde32",
        "DEFAULT_LOC_FLAG": "N",
        "QUANTITY_ON_HAND": "0",
        "LAST_UPDATE_DATE": "2017-03-17T12:42:02+05:30",
        "REPLENISHMENT_TYPE": "Stock",
        "STATUS": "false",
        "SHORT_DESCR": "NormalItem_1COM"
      },
      {
        "ORG_ID": "US015",
        "INV_ITEM_ID": "1001540",
        "UOM": "EA",
        "STOR_LOC": "cde45",
        "DEFAULT_LOC_FLAG": "N",
        "QUANTITY_ON_HAND": "0",
        "LAST_UPDATE_DATE": "2017-03-17T12:42:02+05:30",
        "REPLENISHMENT_TYPE": "Stock",
        "STATUS": "false",
        "SHORT_DESCR": "NormalItem_1COM"
      },
      {
        "ORG_ID": "US015",
        "INV_ITEM_ID": "1001540",
        "UOM": "EA",
        "STOR_LOC": "sd",
        "DEFAULT_LOC_FLAG": "Y",
        "QUANTITY_ON_HAND": "0",
        "LAST_UPDATE_DATE": "2017-03-17T12:28:15+05:30",
        "REPLENISHMENT_TYPE": "Stock",
        "STATUS": "false",
        "SHORT_DESCR": "NormalItem_1COM"
      },
      {
        "ORG_ID": "US015",
        "INV_ITEM_ID": "10603295042389",
        "UOM": "EA",
        "STOR_LOC": "comp34",
        "DEFAULT_LOC_FLAG": "Y",
        "QUANTITY_ON_HAND": "0",
        "LAST_UPDATE_DATE": "2017-03-17T12:40:59+05:30",
        "REPLENISHMENT_TYPE": "Stock",
        "STATUS": "false",
        "SHORT_DESCR": "LotItem"
      },
      {
        "ORG_ID": "US015",
        "INV_ITEM_ID": "BJC5D6E7",
        "UOM": "EA",
        "STOR_LOC": "C1",
        "CHARGE_CODE": "890",
        "DEFAULT_LOC_FLAG": "N",
        "QUANTITY_ON_HAND": "45",
        "LAST_UPDATE_DATE": "2017-03-17T12:41:32+05:30",
        "REPLENISHMENT_TYPE": "Stock",
        "STATUS": "false",
        "SHORT_DESCR": "SerialItem"
      },
      {
        "ORG_ID": "US015",
        "INV_ITEM_ID": "BJC5D6E7",
        "UOM": "EA",
        "STOR_LOC": "C2",
        "CHARGE_CODE": "890",
        "DEFAULT_LOC_FLAG": "N",
        "QUANTITY_ON_HAND": "45",
        "LAST_UPDATE_DATE": "2017-03-17T12:41:32+05:30",
        "REPLENISHMENT_TYPE": "Stock",
        "STATUS": "false",
        "SHORT_DESCR": "SerialItem"
      },
      {
        "ORG_ID": "US015",
        "INV_ITEM_ID": "BJC5D6E7",
        "UOM": "EA",
        "STOR_LOC": "compC1",
        "CHARGE_CODE": "890",
        "DEFAULT_LOC_FLAG": "Y",
        "QUANTITY_ON_HAND": "45",
        "LAST_UPDATE_DATE": "2017-03-17T12:41:32+05:30",
        "REPLENISHMENT_TYPE": "Stock",
        "STATUS": "false",
        "SHORT_DESCR": "SerialItem"
      }
]