[
      {
        "ORG_GROUP_NAME": "Mhs",
        "ORG_GROUP_ID": "Mhs",
        "ITEM_ID": "00081317000303",
        "SHORT_DESCR": "LotserialItem",
        "VENDOR_ID": "VEN_240",
        "VEND_ITEM_ID": "1",
        "UNIT_OF_PROCUREMENT": "EA",
        "UNIT_OF_ISSUE": "EA",
        "CONV_FACTOR": "1",
        "ITEM_PRICE": "0",
        "STATUS": "0",
        "LOT_CONTROLLED": "Y",
        "SERIAL_CONTROLLED": "Y",
        "IMPLANT_FLAG": "N",
        "CONV_FACTOR1": "1",
        "LATEX_FREE": "false",
        "REPLENISHMENT_TYPE": "1",
        "LEAD_TIME": "0",
        "PHARMACY_FLG": "true",
        "SUBSTITUTE_ITEM_FLG": true,
        "EVERIFY_FLG": "false",
        "CINDEX": "0"
      },
      {
        "ORG_GROUP_NAME": "Mhs",
        "ORG_GROUP_ID": "Mhs",
        "ITEM_ID": "1001286",
        "SHORT_DESCR": "asdf",
        "VENDOR_ID": "VEN_240",
        "ITEM_PRICE": "0",
        "STATUS": "2",
        "LOT_CONTROLLED": "N",
        "SERIAL_CONTROLLED": "N",
        "IMPLANT_FLAG": "N",
        "LATEX_FREE": "false",
        "REPLENISHMENT_TYPE": "4",
        "LEAD_TIME": "0",
        "PHARMACY_FLG": "false",
        "SUBSTITUTE_ITEM_FLG": false,
        "EVERIFY_FLG": "false"
      },
      {
        "ORG_GROUP_NAME": "Mhs",
        "ORG_GROUP_ID": "Mhs",
        "ITEM_ID": "1001521",
        "SHORT_DESCR": "NormalItem_2COM",
        "VENDOR_ID": "VEN_240",
        "VEND_ITEM_ID": "2",
        "UNIT_OF_PROCUREMENT": "EA",
        "UNIT_OF_ISSUE": "EA",
        "CONV_FACTOR": "2",
        "ITEM_PRICE": "0",
        "STATUS": "0",
        "LOT_CONTROLLED": "N",
        "SERIAL_CONTROLLED": "N",
        "IMPLANT_FLAG": "N",
        "CONV_FACTOR1": "2",
        "LATEX_FREE": "false",
        "REPLENISHMENT_TYPE": "1",
        "LEAD_TIME": "0",
        "PHARMACY_FLG": "true",
        "SUBSTITUTE_ITEM_FLG": true,
        "EVERIFY_FLG": "false",
        "CINDEX": "0"
      },
      {
        "ORG_GROUP_NAME": "Mhs",
        "ORG_GROUP_ID": "Mhs",
        "ITEM_ID": "1001540",
        "SHORT_DESCR": "NormalItem_1COM",
        "VENDOR_ID": "VEN_240",
        "VEND_ITEM_ID": "4",
        "UNIT_OF_PROCUREMENT": "EA",
        "UNIT_OF_ISSUE": "EA",
        "CONV_FACTOR": "3",
        "ITEM_PRICE": "0",
        "STATUS": "0",
        "LOT_CONTROLLED": "N",
        "SERIAL_CONTROLLED": "N",
        "IMPLANT_FLAG": "N",
        "CONV_FACTOR1": "3",
        "LATEX_FREE": "false",
        "REPLENISHMENT_TYPE": "1",
        "LEAD_TIME": "0",
        "PHARMACY_FLG": "false",
        "SUBSTITUTE_ITEM_FLG": false,
        "EVERIFY_FLG": "false",
        "CINDEX": "0"
      },
      {
        "ORG_GROUP_NAME": "Mhs",
        "ORG_GROUP_ID": "Mhs",
        "ITEM_ID": "10603295042389",
        "SHORT_DESCR": "LotItem",
        "VENDOR_ID": "VEN_240",
        "VEND_ITEM_ID": "6",
        "UNIT_OF_PROCUREMENT": "EA",
        "UNIT_OF_ISSUE": "EA",
        "CONV_FACTOR": "2",
        "ITEM_PRICE": "0",
        "STATUS": "0",
        "LOT_CONTROLLED": "Y",
        "SERIAL_CONTROLLED": "N",
        "IMPLANT_FLAG": "N",
        "CONV_FACTOR1": "2",
        "LATEX_FREE": "false",
        "REPLENISHMENT_TYPE": "1",
        "LEAD_TIME": "0",
        "PHARMACY_FLG": "false",
        "SUBSTITUTE_ITEM_FLG": false,
        "EVERIFY_FLG": "false",
        "CINDEX": "0"
      },
      {
        "ORG_GROUP_NAME": "Mhs",
        "ORG_GROUP_ID": "Mhs",
        "ITEM_ID": "2455",
        "SHORT_DESCR": "dadf",
        "VENDOR_ID": "VEN_240",
        "ITEM_PRICE": "0",
        "STATUS": "2",
        "LOT_CONTROLLED": "N",
        "SERIAL_CONTROLLED": "N",
        "IMPLANT_FLAG": "N",
        "LATEX_FREE": "false",
        "REPLENISHMENT_TYPE": "4",
        "LEAD_TIME": "0",
        "PHARMACY_FLG": "false",
        "SUBSTITUTE_ITEM_FLG": false,
        "EVERIFY_FLG": "false"
      },
      {
        "ORG_GROUP_NAME": "Mhs",
        "ORG_GROUP_ID": "Mhs",
        "ITEM_ID": "3022",
        "SHORT_DESCR": "TUBE, CRYOGENIC, PCR, CRYOGEN, STERILE, STORAGE, R",
        "MFG_ITEM_ID": "3022",
        "ITEM_PRICE": "0",
        "STATUS": "2",
        "LOT_CONTROLLED": "N",
        "SERIAL_CONTROLLED": "N",
        "IMPLANT_FLAG": "N",
        "LATEX_FREE": "false",
        "REPLENISHMENT_TYPE": "4",
        "LEAD_TIME": "0",
        "PHARMACY_FLG": "false",
        "SUBSTITUTE_ITEM_FLG": false,
        "EVERIFY_FLG": "false"
      },
      {
        "ORG_GROUP_NAME": "Mhs",
        "ORG_GROUP_ID": "Mhs",
        "ITEM_ID": "48597963",
        "SHORT_DESCR": "sdgasdg",
        "VENDOR_ID": "VEN_240",
        "MFG_ITEM_ID": "sdgsdg",
        "VEND_ITEM_ID": "dgsdg",
        "UNIT_OF_PROCUREMENT": "EA",
        "UNIT_OF_ISSUE": "EA",
        "CONV_FACTOR": "5",
        "ITEM_PRICE": "0",
        "UPC_CODE": "wetasey",
        "GTIN": "GTINCWAD",
        "STATUS": "0",
        "LOT_CONTROLLED": "N",
        "SERIAL_CONTROLLED": "N",
        "IMPLANT_FLAG": "N",
        "CONV_FACTOR1": "5",
        "LATEX_FREE": "false",
        "REPLENISHMENT_TYPE": "1",
        "LEAD_TIME": "0",
        "PHARMACY_FLG": "false",
        "SUBSTITUTE_ITEM_FLG": false,
        "EVERIFY_FLG": "false",
        "CINDEX": "0"
      },
      {
        "ORG_GROUP_NAME": "Mhs",
        "ORG_GROUP_ID": "Mhs",
        "ITEM_ID": "apkapk",
        "SHORT_DESCR": "ddds",
        "VENDOR_ID": "VEN_240",
        "MANUFACTURER": "manf1",
        "ITEM_PRICE": "0",
        "STATUS": "2",
        "LOT_CONTROLLED": "N",
        "SERIAL_CONTROLLED": "N",
        "IMPLANT_FLAG": "Y",
        "LATEX_FREE": "false",
        "REPLENISHMENT_TYPE": "4",
        "LEAD_TIME": "0",
        "PHARMACY_FLG": "false",
        "SUBSTITUTE_ITEM_FLG": false,
        "EVERIFY_FLG": "false"
      },
      {
        "ORG_GROUP_NAME": "Mhs",
        "ORG_GROUP_ID": "Mhs",
        "ITEM_ID": "BJC5D6E7",
        "SHORT_DESCR": "SerialItem",
        "VENDOR_ID": "VEN_240",
        "VEND_ITEM_ID": "7",
        "UNIT_OF_PROCUREMENT": "EA",
        "UNIT_OF_ISSUE": "EA",
        "CONV_FACTOR": "2",
        "ITEM_PRICE": "0",
        "STATUS": "0",
        "LOT_CONTROLLED": "N",
        "SERIAL_CONTROLLED": "Y",
        "IMPLANT_FLAG": "N",
        "CONV_FACTOR1": "2",
        "LATEX_FREE": "false",
        "REPLENISHMENT_TYPE": "1",
        "LEAD_TIME": "0",
        "PHARMACY_FLG": "false",
        "SUBSTITUTE_ITEM_FLG": false,
        "EVERIFY_FLG": "false",
        "CINDEX": "0"
      },
      {
        "ORG_GROUP_NAME": "Mhs",
        "ORG_GROUP_ID": "Mhs",
        "ITEM_ID": "cric",
        "SHORT_DESCR": "bvd",
        "VENDOR_ID": "VEN_240",
        "ITEM_PRICE": "0",
        "STATUS": "2",
        "LOT_CONTROLLED": "N",
        "SERIAL_CONTROLLED": "N",
        "IMPLANT_FLAG": "N",
        "LATEX_FREE": "false",
        "REPLENISHMENT_TYPE": "4",
        "LEAD_TIME": "0",
        "PHARMACY_FLG": "false",
        "SUBSTITUTE_ITEM_FLG": false,
        "EVERIFY_FLG": "false"
      },
      {
        "ORG_GROUP_NAME": "Mhs",
        "ORG_GROUP_ID": "Mhs",
        "ITEM_ID": "dffdd",
        "SHORT_DESCR": "daaa",
        "VENDOR_ID": "VEN_240",
        "MANUFACTURER": "manf1",
        "ITEM_PRICE": "0",
        "UPC_CODE": "upc",
        "STATUS": "2",
        "LOT_CONTROLLED": "N",
        "SERIAL_CONTROLLED": "N",
        "IMPLANT_FLAG": "Y",
        "LATEX_FREE": "false",
        "REPLENISHMENT_TYPE": "4",
        "LEAD_TIME": "0",
        "PHARMACY_FLG": "false",
        "SUBSTITUTE_ITEM_FLG": false,
        "EVERIFY_FLG": "false"
      },
      {
        "ORG_GROUP_NAME": "Mhs",
        "ORG_GROUP_ID": "Mhs",
        "ITEM_ID": "Item1",
        "SHORT_DESCR": "Item1",
        "VENDOR_ID": "VEN_240",
        "VEND_ITEM_ID": "vita",
        "UNIT_OF_PROCUREMENT": "EA",
        "UNIT_OF_ISSUE": "EA",
        "CONV_FACTOR": "1",
        "ITEM_PRICE": "0",
        "STATUS": "0",
        "LOT_CONTROLLED": "N",
        "SERIAL_CONTROLLED": "N",
        "IMPLANT_FLAG": "N",
        "CONV_FACTOR1": "1",
        "LATEX_FREE": "false",
        "REPLENISHMENT_TYPE": "1",
        "LEAD_TIME": "0",
        "PHARMACY_FLG": "false",
        "SUBSTITUTE_ITEM_FLG": false,
        "EVERIFY_FLG": "false",
        "CINDEX": "0"
      },
      {
        "ORG_GROUP_NAME": "Mhs",
        "ORG_GROUP_ID": "Mhs",
        "ITEM_ID": "LOT540",
        "SHORT_DESCR": "LotItem",
        "VENDOR_ID": "VEN_240",
        "VEND_ITEM_ID": "9",
        "UNIT_OF_PROCUREMENT": "EA",
        "UNIT_OF_ISSUE": "EA",
        "CONV_FACTOR": "6",
        "ITEM_PRICE": "0",
        "STATUS": "0",
        "LOT_CONTROLLED": "Y",
        "SERIAL_CONTROLLED": "N",
        "IMPLANT_FLAG": "N",
        "CONV_FACTOR1": "6",
        "LATEX_FREE": "false",
        "REPLENISHMENT_TYPE": "1",
        "LEAD_TIME": "0",
        "PHARMACY_FLG": "false",
        "SUBSTITUTE_ITEM_FLG": false,
        "EVERIFY_FLG": "false",
        "CINDEX": "0"
      },
      {
        "ORG_GROUP_NAME": "Mhs",
        "ORG_GROUP_ID": "Mhs",
        "ITEM_ID": "MX69",
        "SHORT_DESCR": "LotItem",
        "VENDOR_ID": "VEN_240",
        "VEND_ITEM_ID": "12",
        "UNIT_OF_PROCUREMENT": "EA",
        "UNIT_OF_ISSUE": "EA",
        "CONV_FACTOR": "1",
        "ITEM_PRICE": "0",
        "STATUS": "0",
        "LOT_CONTROLLED": "Y",
        "SERIAL_CONTROLLED": "N",
        "IMPLANT_FLAG": "N",
        "CONV_FACTOR1": "1",
        "LATEX_FREE": "false",
        "REPLENISHMENT_TYPE": "1",
        "LEAD_TIME": "0",
        "PHARMACY_FLG": "false",
        "SUBSTITUTE_ITEM_FLG": false,
        "EVERIFY_FLG": "false",
        "CINDEX": "0"
      },
      {
        "ORG_GROUP_NAME": "Mhs",
        "ORG_GROUP_ID": "Mhs",
        "ITEM_ID": "zxcv",
        "SHORT_DESCR": "dda",
        "VENDOR_ID": "VEN_240",
        "MANUFACTURER": "manf1",
        "ITEM_PRICE": "0",
        "UPC_CODE": "upc",
        "STATUS": "2",
        "LOT_CONTROLLED": "N",
        "SERIAL_CONTROLLED": "N",
        "IMPLANT_FLAG": "N",
        "LATEX_FREE": "false",
        "REPLENISHMENT_TYPE": "4",
        "LEAD_TIME": "0",
        "PHARMACY_FLG": "false",
        "SUBSTITUTE_ITEM_FLG": false,
        "EVERIFY_FLG": "false"
      }
]